index,start_date,calorie,exercise_duration_minutes,time_offset,date,efficiency,quality,sleep_duration,day_of_week_y,week_number,status
0,2017-12-19,160.901,30.27216666666667,UTC-0400,2017-12-19,93.174065,,273.00001045000005,Tuesday,0,No_Travel
1,2017-12-24,553.2239999999999,61.96385000000001,UTC-0700,2017-12-24,93.26241,,525.0673683,Sunday,0,Travel
2,2017-12-29,366.661,68.92525,UTC-0700,2017-12-29,92.952385,,487.0704974,Friday,1,Travel
3,2017-12-30,68.12,15.875533333333333,UTC-0700,2017-12-30,89.778534,,526.1022092400001,Saturday,1,Travel
4,2017-12-31,385.162,31.352950000000003,UTC-0700,2017-12-31,90.50605,,478.18988,Sunday,1,Travel
5,2018-01-01,93.31,19.52445,UTC-0700,2018-01-01,93.593315,,335.0640677,Monday,2,Travel
6,2018-01-04,475.419,89.39291666666668,UTC-0400,2018-01-04,93.75,,494.06250000000006,Thursday,2,No_Travel
7,2018-01-05,279.595,52.57176666666667,UTC-0400,2018-01-05,92.21453,,532.9999834,Friday,2,No_Travel
8,2018-01-06,511.36,96.94631666666668,UTC-0400,2018-01-06,91.106723,,375.17788192,Saturday,2,No_Travel
9,2018-01-07,417.023,78.42396666666667,UTC-0400,2018-01-07,91.66667,,505.08335170000004,Sunday,2,No_Travel
10,2018-01-09,252.0,30.0,UTC-0400,2018-01-09,93.34917,,392.06651400000004,Tuesday,3,No_Travel
11,2018-01-10,353.78,45.62858333333333,UTC-0400,2018-01-10,91.46608,,417.0853248,Wednesday,3,No_Travel
12,2018-01-11,398.258,74.88443333333335,UTC-0400,2018-01-11,91.33858,,347.08660399998337,Thursday,3,No_Travel
13,2018-01-12,252.0,30.0,UTC-0400,2018-01-12,95.84905,,507.0414745,Friday,3,No_Travel
14,2018-01-13,213.034,40.05601666666667,UTC-0400,2018-01-13,59.305240000000005,,442.22082950000004,Saturday,3,No_Travel
15,2018-01-14,485.19,79.52341666666666,UTC-0400,2018-01-14,91.42857,,351.0857087999833,Sunday,3,No_Travel
16,2018-01-15,237.31,44.62403333333334,UTC-0400,2018-01-15,93.520515,,432.0647793,Monday,4,No_Travel
17,2018-01-17,252.0,30.0,UTC-0400,2018-01-17,95.89372,,396.04106360000003,Wednesday,4,No_Travel
18,2018-01-18,245.797,48.65816666666667,UTC-0400,2018-01-18,92.36948,50002.0,459.07631560000004,Thursday,4,No_Travel
19,2018-01-20,303.35,70.71875,UTC-0400,2018-01-20,92.656586,50003.0,428.07342732,Saturday,4,No_Travel
20,2018-01-21,706.527,115.1147,UTC-0400,2018-01-21,75.652177,,502.48696936000005,Sunday,4,No_Travel
21,2018-01-22,432.121,86.07195000000002,UTC-0400,2018-01-22,93.65751,,442.06344720000004,Monday,5,No_Travel
22,2018-01-23,504.379,77.44906666666667,UTC-0400,2018-01-23,92.34568,50003.0,373.07654720000005,Tuesday,5,No_Travel
23,2018-01-25,179.134,33.67606666666667,UTC-0400,2018-01-25,95.631065,50004.0,590.0436710500001,Thursday,5,No_Travel
24,2018-01-27,252.0,30.0,UTC-0400,2018-01-27,92.17759,50004.0,435.0782248,Saturday,5,No_Travel
25,2018-01-28,271.791,51.098533333333336,UTC-0400,2018-01-28,92.24138,,320.0775886,Sunday,5,No_Travel
26,2018-01-29,311.809,61.31566666666667,UTC-0400,2018-01-29,93.641624,50004.0,485.06361232000006,Monday,6,No_Travel
27,2018-01-30,252.0,30.0,UTC-0400,2018-01-30,95.454544,50004.0,482.0454472,Tuesday,6,No_Travel
28,2018-01-31,70.64,15.107700000000001,UTC-0400,2018-01-31,92.65873,,466.0734119,Wednesday,6,No_Travel
29,2018-02-01,318.11,45.0514,UTC-0400,2018-02-01,91.681114,50002.0,528.08321664,Thursday,6,No_Travel
30,2018-02-02,170.385,32.02741666666667,UTC-0400,2018-02-02,95.09804,50003.0,387.0490228,Friday,6,No_Travel
31,2018-02-03,172.585,32.44406666666667,UTC-0400,2018-02-03,94.291756,50004.0,445.05708832,Saturday,6,No_Travel
32,2018-02-04,358.28,67.349,UTC-0400,2018-02-04,94.545456,50004.0,415.05455184000004,Sunday,6,No_Travel
33,2018-02-05,267.125,48.6683,UTC-0400,2018-02-05,90.909096,,389.09093088000003,Monday,7,No_Travel
34,2018-02-06,252.0,30.0,UTC-0400,2018-02-06,91.331924,50003.0,442.04651216,Tuesday,7,No_Travel
35,2018-02-07,71.12,15.957716666666668,UTC-0400,2018-02-07,87.70053,50003.0,327.1229769,Wednesday,7,No_Travel
36,2018-02-08,313.31,46.06991666666667,UTC-0400,2018-02-08,87.598946,50003.0,331.12401588,Thursday,7,No_Travel
37,2018-02-09,339.358,63.79638333333334,UTC-0400,2018-02-09,92.82297,50003.0,387.0717849,Friday,7,No_Travel
38,2018-02-10,252.0,30.0,UTC-0400,2018-02-10,91.29464,50003.0,408.0870408,Saturday,7,No_Travel
39,2018-02-12,71.39,15.9914,UTC-0400,2018-02-12,92.90188,50003.0,444.07098640000004,Monday,8,No_Travel
40,2018-02-13,331.355,62.297000000000004,UTC-0400,2018-02-13,92.456894,,428.07541922,Tuesday,8,No_Travel
41,2018-02-15,406.04999999999995,61.6557,UTC-0400,2018-02-15,95.194084,50004.0,514.0480536,Thursday,8,No_Travel
42,2018-02-17,227.23000000000002,57.97391666666667,UTC-0400,2018-02-17,93.99142,50004.0,437.060103,Saturday,8,No_Travel
43,2018-02-19,1125.461,224.95493333333332,UTC-0400,2018-02-19,89.952156,,187.10048448,Monday,9,No_Travel
44,2018-02-22,467.891,76.90898333333334,UTC-0400,2018-02-22,95.76471,,406.04237040000004,Thursday,9,No_Travel
45,2018-02-24,856.498,107.98363333333334,UTC-0400,2018-02-24,87.78801999999997,,380.12212659998335,Saturday,9,No_Travel
46,2018-02-28,393.174,77.60495,UTC-0400,2018-02-28,94.230774,,392.00001984000005,Wednesday,10,No_Travel
47,2018-03-01,252.0,30.0,UTC-0400,2018-03-01,93.84289,50003.0,442.0000119,Thursday,10,No_Travel
48,2018-03-03,291.26,74.33861666666667,UTC-0400,2018-03-03,93.11111,50003.0,418.06888390000006,Saturday,10,No_Travel
49,2018-03-05,268.913,54.61805000000001,UTC-0400,2018-03-05,94.654785,,424.99998465000004,Monday,11,No_Travel
50,2018-03-06,59.57,15.761150000000002,UTC-0400,2018-03-06,92.50457,50004.0,505.0749522,Tuesday,11,No_Travel
51,2018-03-07,210.0,25.0,UTC-0400,2018-03-07,92.66304,50003.0,340.0733568,Wednesday,11,No_Travel
52,2018-03-08,226.056,42.50520000000001,UTC-0400,2018-03-08,96.57258,50005.0,478.9999968,Thursday,11,No_Travel
53,2018-03-10,315.881,59.384550000000004,UTC-0400,2018-03-10,93.04933,50003.0,414.0695185000001,Saturday,11,No_Travel
54,2018-03-11,472.313,93.43465,UTC-0300,2018-03-11,96.22093,,330.03778990000006,Sunday,11,No_Travel
55,2018-03-12,270.45,69.50941666666668,UTC-0300,2018-03-12,95.13184,,468.0486528,Monday,12,No_Travel
56,2018-03-13,252.0,30.0,UTC-0300,2018-03-13,95.13184,,468.9999712,Tuesday,12,No_Travel
57,2018-03-16,239.62,62.283566666666665,UTC-0300,2018-03-16,92.227727,,440.15546748,Friday,12,No_Travel
58,2018-03-18,73.97,20.928133333333335,UTC-0300,2018-03-18,93.7788,,406.062204,Sunday,12,No_Travel
59,2018-03-20,725.33,158.0340666666667,UTC-0300,2018-03-20,92.42762,,415.0000138,Tuesday,13,No_Travel
60,2018-03-23,493.28,119.77551666666666,UTC-0300,2018-03-23,91.86813,,417.0813102,Friday,13,No_Travel
61,2018-03-25,497.47999000000004,128.01835,UTC-0300,2018-03-25,94.416245,,371.05584285000003,Sunday,13,No_Travel
62,2018-03-26,306.53,71.32675,UTC-0300,2018-03-26,93.01397,,465.9999897,Monday,14,No_Travel
63,2018-03-29,392.32000000000005,62.06568333333334,UTC-0300,2018-03-29,94.34889,,383.9999823,Thursday,14,No_Travel
64,2018-03-30,846.6899900000001,213.58468333333337,UTC-0300,2018-03-30,94.672134,,462.00001392,Friday,14,No_Travel
65,2018-03-31,352.825,66.32395000000001,UTC-0300,2018-03-31,94.97207,,339.05028990000005,Saturday,14,No_Travel
66,2018-04-01,120.03999999999999,34.95256666666667,UTC-0300,2018-04-01,92.78847,,385.0721505,Sunday,14,No_Travel
67,2018-04-03,252.0,30.0,UTC-0300,2018-04-03,89.12807000000001,,437.0552664,Tuesday,15,No_Travel
68,2018-04-06,499.22,88.18721666666667,UTC-0300,2018-04-06,94.67005,,372.05329650000004,Friday,15,No_Travel
69,2018-04-07,257.871,48.47656666666667,UTC-0300,2018-04-07,86.29169333333334,,442.41125840000007,Saturday,15,No_Travel
70,2018-04-10,159.23000000000002,32.21523333333333,UTC-0300,2018-04-10,91.36069,,422.0863878,Tuesday,16,No_Travel
71,2018-04-12,465.631,90.59046666666667,UTC-0300,2018-04-12,88.09524,,443.1190572,Thursday,16,No_Travel
72,2018-04-13,217.86,57.43076666666667,UTC-0300,2018-04-13,90.91339,,471.1817303,Friday,16,No_Travel
73,2018-04-14,378.322,71.1142,UTC-0300,2018-04-14,93.93939,,464.0605866,Saturday,16,No_Travel
74,2018-04-17,215.255,40.47130000000001,UTC-0300,2018-04-17,91.91686,,397.0808352,Tuesday,17,No_Travel
75,2018-04-18,389.267,73.1806,UTC-0300,2018-04-18,91.45728,,363.0854016,Wednesday,17,No_Travel
76,2018-04-19,221.101,41.60191666666667,UTC-0300,2018-04-19,93.71197,,461.06289240000007,Thursday,17,No_Travel
77,2018-04-20,92.7,24.62586666666667,UTC-0300,2018-04-20,94.1691,,322.05832200000003,Friday,17,No_Travel
78,2018-04-21,201.0,24.0,UTC-0300,2018-04-21,91.95046,,296.0804812,Saturday,17,No_Travel
79,2018-04-22,315.47,80.0764,UTC-0300,2018-04-22,96.55172,,335.03446840000004,Sunday,17,No_Travel
80,2018-04-24,535.93,98.78481666666667,UTC-0300,2018-04-24,93.421677,,422.13154428,Tuesday,18,No_Travel
81,2018-04-27,526.9300000000001,125.88906666666668,UTC-0300,2018-04-27,90.97941499999999,,301.18041859998334,Friday,18,No_Travel
82,2018-04-28,252.0,30.0,UTC-0300,2018-04-28,92.97052,,409.9999932,Saturday,18,No_Travel
83,2018-04-29,252.0,30.0,UTC-0300,2018-04-29,93.08756,,201.06912960000002,Sunday,18,No_Travel
84,2018-05-01,336.0,40.0,UTC-0300,2018-05-01,91.62304,,349.0837824,Tuesday,19,No_Travel
85,2018-05-05,60.91,15.291300000000001,UTC-0300,2018-05-05,0.0,50002.0,0.0,Saturday,19,No_Travel
86,2018-05-06,385.32,102.85621666666668,UTC-0300,2018-05-06,92.244896,,451.9999904,Sunday,19,No_Travel
87,2018-05-07,103.6,17.83761666666667,UTC-0300,2018-05-07,0.0,50001.0,0.0,Monday,20,No_Travel
88,2018-05-08,67.67,20.12255,UTC-0300,2018-05-08,91.78082,,334.999993,Tuesday,20,No_Travel
89,2018-05-09,252.0,30.0,UTC-0300,2018-05-09,92.484344,,442.07516432000006,Wednesday,20,No_Travel
90,2018-05-11,345.666,64.98481666666667,UTC-0300,2018-05-11,93.305435,,445.06692495,Friday,20,No_Travel
91,2018-05-14,252.0,30.0,UTC-0300,2018-05-14,93.28947500000001,,393.0789682000001,Monday,21,No_Travel
92,2018-05-15,428.60699999999997,85.84823333333334,UTC-0300,2018-05-15,95.06726,,423.04930700000006,Tuesday,21,No_Travel
93,2018-05-16,76.59,17.901883333333334,UTC-0300,2018-05-16,91.72577,,388.00000710000006,Wednesday,21,No_Travel
94,2018-05-17,506.6690000000001,49.74671666666667,UTC-0300,2018-05-17,91.075516,,398.00000492000004,Thursday,21,No_Travel
95,2018-05-18,456.538,95.31231666666667,UTC-0300,2018-05-18,87.7185525,,454.24563075000003,Friday,21,No_Travel
96,2018-05-20,267.66,69.29906666666668,UTC-0300,2018-05-20,92.821785,,374.07179355,Sunday,21,No_Travel
97,2018-05-22,394.11800000000005,74.08996666666667,UTC-0300,2018-05-22,93.333336,,434.0000124,Tuesday,22,No_Travel
98,2018-05-24,252.0,30.0,UTC-0300,2018-05-24,92.30769,,443.07691200000005,Thursday,22,No_Travel
99,2018-05-25,444.949,83.65658333333334,UTC-0300,2018-05-25,92.07317,,452.99999640000004,Friday,22,No_Travel
100,2018-05-26,270.89,65.75555,UTC-0300,2018-05-26,91.847824,,337.08151408,Saturday,22,No_Travel
101,2018-05-27,252.0,30.0,UTC-0300,2018-05-27,88.53333,,331.1146542,Sunday,22,No_Travel
102,2018-05-28,57.63,16.490983333333336,UTC-0300,2018-05-28,89.995107,,428.99999622,Monday,23,No_Travel
103,2018-05-29,252.0,30.0,UTC-0300,2018-05-29,91.40049300000001,,315.08108838000004,Tuesday,23,No_Travel
104,2018-05-30,339.336,74.99848333333334,UTC-0300,2018-05-30,91.316352,,434.0702333400001,Wednesday,23,No_Travel
105,2018-05-31,300.644,56.51988333333334,UTC-0300,2018-05-31,93.90863,,369.0609159,Thursday,23,No_Travel
106,2018-06-02,252.0,30.0,UTC-0300,2018-06-02,90.96154,,472.09039260000003,Saturday,23,No_Travel
107,2018-06-03,195.82,45.91680000000001,UTC-0300,2018-06-03,90.574715,,393.09426310000003,Sunday,23,No_Travel
108,2018-06-04,555.3499999999999,87.48541666666665,UTC-0300,2018-06-04,95.06493,,365.04933120000004,Monday,24,No_Travel
109,2018-06-05,145.826,27.41936666666667,UTC-0300,2018-06-05,95.42334,,429.40503,Tuesday,24,No_Travel
110,2018-06-07,541.2260040000001,111.0922,UTC-0300,2018-06-07,91.37207749999999,,422.17258025000007,Thursday,24,No_Travel
111,2018-06-08,168.0,20.0,UTC-0300,2018-06-08,92.85714,,376.07141700000005,Friday,24,No_Travel
112,2018-06-09,275.64,67.43466666666666,UTC-0300,2018-06-09,92.14438,,434.00002980000005,Saturday,24,No_Travel
113,2018-06-11,274.83,51.68395,UTC-0300,2018-06-11,94.0919,,429.999983,Monday,25,No_Travel
114,2018-06-12,210.0,25.0,UTC-0300,2018-06-12,92.98246,,423.0701930000001,Tuesday,25,No_Travel
115,2018-06-13,67.73,15.240233333333334,UTC-0300,2018-06-13,94.90446,,297.0509598,Wednesday,25,No_Travel
116,2018-06-15,170.1,43.712716666666665,UTC-0300,2018-06-15,85.7536375,,360.284911,Friday,25,No_Travel
117,2018-06-16,76.13,16.803083333333333,UTC-0300,2018-06-16,94.305244,,413.05696872000004,Saturday,25,No_Travel
118,2018-06-17,792.39,207.7522166666667,UTC-0300,2018-06-17,77.92735350000001,,373.44146348,Sunday,25,No_Travel
119,2018-06-18,205.14999999999998,45.99305000000001,UTC-0300,2018-06-18,93.56137,,464.06439520000004,Monday,26,No_Travel
120,2018-06-19,247.10999999999999,50.0397,UTC-0300,2018-06-19,94.61078,,315.05389740000004,Tuesday,26,No_Travel
121,2018-06-20,309.35,45.64865,UTC-0300,2018-06-20,94.72574,,448.05275020000005,Wednesday,26,No_Travel
122,2018-06-21,327.482,29.398533333333333,UTC-0300,2018-06-21,93.31849,,419.00002010000003,Thursday,26,No_Travel
123,2018-06-22,552.234,114.68921666666668,UTC-0300,2018-06-22,93.355388,,419.1328824600001,Friday,26,No_Travel
124,2018-06-23,252.0,30.0,UTC-0300,2018-06-23,81.683875,,397.3663085,Saturday,26,No_Travel
125,2018-06-25,64.86,16.758783333333334,UTC-0300,2018-06-25,89.93839,,437.1005754,Monday,27,No_Travel
126,2018-06-26,844.354,107.38468333333334,UTC-0300,2018-06-26,92.54386,,421.074563,Tuesday,27,No_Travel
127,2018-06-27,438.08,55.4921,UTC-0300,2018-06-27,89.6861,,400.00000600000004,Wednesday,27,No_Travel
128,2018-06-29,637.6600000000001,88.43341666666666,UTC-0300,2018-06-29,92.517006,,407.99999646000003,Friday,27,No_Travel
129,2018-06-30,304.73,45.24705,UTC-0300,2018-06-30,90.46653,,445.0953276,Saturday,27,No_Travel
130,2018-07-03,215.285,40.47338333333334,UTC-0300,2018-07-03,88.52814000000002,,408.1147254,Tuesday,28,No_Travel
131,2018-07-04,59.6,15.122700000000002,UTC-0300,2018-07-04,91.876755,,327.0812478,Wednesday,28,No_Travel
132,2018-07-07,579.548,61.321616666666664,UTC-0300,2018-07-07,93.177734,,518.99997838,Saturday,28,No_Travel
133,2018-07-09,340.67,64.03630000000001,UTC-0300,2018-07-09,90.40591,,489.09597310000004,Monday,29,No_Travel
134,2018-07-10,293.6040000000001,55.189033333333334,UTC-0300,2018-07-10,89.08686,,399.10913280000005,Tuesday,29,No_Travel
135,2018-07-11,320.08,46.01433333333333,UTC-0300,2018-07-11,94.43156,,406.05570800000004,Wednesday,29,No_Travel
136,2018-07-12,66.25,18.120483333333333,UTC-0300,2018-07-12,91.85022,,416.08149660000004,Thursday,29,No_Travel
137,2018-07-13,624.221,49.43958333333333,UTC-0300,2018-07-13,91.46967299999999,,511.1705922599833,Friday,29,No_Travel
138,2018-07-15,703.14,88.39033333333333,UTC-0300,2018-07-15,91.013824,,394.99999616,Sunday,29,No_Travel
139,2018-07-17,377.364,70.93973333333334,UTC-0300,2018-07-17,90.38461,,375.09613150000007,Tuesday,30,No_Travel
140,2018-07-18,260.664,48.999633333333335,UTC-0300,2018-07-18,91.967865,,457.08028905000003,Wednesday,30,No_Travel
141,2018-07-19,65.83,15.235766666666668,UTC-0300,2018-07-19,91.60584,,502.00000320000004,Thursday,30,No_Travel
142,2018-07-20,427.148,29.25901666666667,UTC-0300,2018-07-20,90.2439,,443.097549,Friday,30,No_Travel
143,2018-07-21,1298.187,137.85888333333335,UTC-0300,2018-07-21,88.50574499999998,,461.1149314499834,Saturday,30,No_Travel
144,2018-07-23,647.625,98.58266666666667,UTC-0300,2018-07-23,89.43489,,372.94349130000006,Monday,31,No_Travel
145,2018-07-25,294.651,55.38666666666667,UTC-0300,2018-07-25,89.77956400000002,,448.00002436,Wednesday,31,No_Travel
146,2018-07-26,140.97,34.67150000000001,UTC-0300,2018-07-26,92.82609,,426.0717531,Thursday,31,No_Travel
147,2018-07-27,705.146,150.10453333333334,UTC-0300,2018-07-27,90.804596,,473.09194516,Friday,31,No_Travel
148,2018-07-29,302.23,31.780716666666667,UTC-0300,2018-07-29,86.84863,,349.99997890000003,Sunday,31,No_Travel
149,2018-07-30,301.468,56.70626666666667,UTC-0300,2018-07-30,89.29625250000001,,430.87592895000006,Monday,32,No_Travel
150,2018-07-31,234.5,38.070750000000004,UTC-0300,2018-07-31,89.93964,,446.10061440000004,Tuesday,32,No_Travel
151,2018-08-01,66.81,16.093033333333334,UTC-0300,2018-08-01,88.43813,,435.9999809,Wednesday,32,No_Travel
152,2018-08-02,63.38,15.497483333333333,UTC-0300,2018-08-02,86.930695,,438.13070280000005,Thursday,32,No_Travel
153,2018-08-03,586.369,92.86613333333334,UTC-0300,2018-08-03,89.21776,,421.10782720000003,Friday,32,No_Travel
154,2018-08-04,107.99,19.60231666666667,UTC-0300,2018-08-04,88.40258,,453.23194470000004,Saturday,32,No_Travel
155,2018-08-05,316.44,31.8524,UTC-0300,2018-08-05,90.55118,,459.99999440000005,Sunday,32,No_Travel
156,2018-08-07,394.0,93.44788333333334,UTC-0300,2018-08-07,88.29175,,459.11710000000005,Tuesday,33,No_Travel
157,2018-08-08,324.43,60.9979,UTC-0300,2018-08-08,88.468535,,375.2306237,Wednesday,33,No_Travel
158,2018-08-09,133.49,30.032783333333334,UTC-0300,2018-08-09,91.22402,,394.0877664,Thursday,33,No_Travel
159,2018-08-10,244.364,45.94028333333334,UTC-0300,2018-08-10,89.58333,,343.9999872,Friday,33,No_Travel
160,2018-08-12,168.0,20.0,UTC-0300,2018-08-12,90.712746,,419.09288652000004,Sunday,33,No_Travel
161,2018-08-13,373.894,40.94166666666666,UTC-0300,2018-08-13,89.756096,,378.77072512,Monday,34,No_Travel
162,2018-08-21,234.24,60.17678333333335,UTC+0300,2018-08-21,73.77049,,44.99999889998333,Tuesday,35,Travel
163,2018-08-25,226.52999,56.35778333333333,UTC+0300,2018-08-25,89.21568,,90.9999936,Saturday,35,Travel
164,2018-08-26,288.799995,74.9931,UTC+0300,2018-08-26,76.86568,,102.23135440000001,Sunday,35,Travel
165,2018-08-28,68.58,16.228450000000002,UTC-0300,2018-08-28,89.47369,,390.1052884,Tuesday,35,No_Travel
166,2018-08-29,140.9,36.10071666666667,UTC-0300,2018-08-29,89.00402499999998,,482.94366469998334,Wednesday,35,No_Travel
167,2018-08-31,262.752,49.40651666666667,UTC-0300,2018-08-31,89.32238000000002,,434.99999060000005,Friday,35,No_Travel
168,2018-09-01,326.11,79.62391666666667,UTC-0300,2018-09-01,86.65377,,447.9999909,Saturday,35,No_Travel
169,2018-09-02,349.016,26.920650000000002,UTC-0300,2018-09-02,86.54173,,507.9999551,Sunday,35,No_Travel
170,2018-09-03,74.84,20.96291666666667,UTC-0300,2018-09-03,87.87129,,354.1212987,Monday,36,No_Travel
171,2018-09-04,337.942,63.570133333333345,UTC-0300,2018-09-04,88.91013000000002,,464.9999799,Tuesday,36,No_Travel
172,2018-09-06,312.8520000000001,58.80698333333334,UTC-0300,2018-09-06,90.336136,,429.096646,Thursday,36,No_Travel
173,2018-09-07,135.18,33.34806666666667,UTC-0300,2018-09-07,91.94805,,353.08051200000006,Friday,36,No_Travel
174,2018-09-08,579.49,151.75718333333333,UTC-0300,2018-09-08,87.539092,,357.37383084,Saturday,36,No_Travel
175,2018-09-11,168.0,20.0,UTC-0300,2018-09-11,87.96296,,284.1203608,Tuesday,37,No_Travel
176,2018-09-12,100.11,24.55006666666667,UTC-0300,2018-09-12,91.594826,,424.99999264,Wednesday,37,No_Travel
177,2018-09-13,528.0030000000002,109.84485000000001,UTC-0300,2018-09-13,91.27789,,449.0872188000001,Thursday,37,No_Travel
178,2018-09-15,332.52,81.58116666666666,UTC-0300,2018-09-15,80.61611500000001,,404.38768830000004,Saturday,37,No_Travel
179,2018-09-16,378.713,26.733883333333335,UTC-0300,2018-09-16,89.26829000000002,,365.999989,Sunday,37,No_Travel
180,2018-09-17,297.189,55.89255000000001,UTC-0300,2018-09-17,89.66292,,398.10336480000007,Monday,38,No_Travel
181,2018-09-18,164.57999999999998,33.268100000000004,UTC-0300,2018-09-18,84.317395,,379.31365170000004,Tuesday,38,No_Travel
182,2018-09-19,215.424,40.52060000000001,UTC-0300,2018-09-19,90.05525,,488.099455,Wednesday,38,No_Travel
183,2018-09-23,399.189,24.418816666666668,UTC-0300,2018-09-23,92.253525,,392.07748125000006,Sunday,38,No_Travel
184,2018-09-25,253.027,47.56248333333334,UTC-0300,2018-09-25,90.74074,,391.0925894,Tuesday,39,No_Travel
185,2018-09-28,227.84000400000002,47.424866666666674,UTC-0300,2018-09-28,90.9627,,536.1807469,Friday,39,No_Travel
186,2018-09-29,319.95,45.370783333333335,UTC-0300,2018-09-29,90.68958999999998,,483.1862163999833,Saturday,39,No_Travel
187,2018-09-30,430.75,105.39161666666668,UTC-0300,2018-09-30,89.73105,,366.10268400000007,Sunday,39,No_Travel
188,2018-10-02,336.0,40.0,UTC-0300,2018-10-02,90.909096,,381.8182032,Tuesday,40,No_Travel
189,2018-10-03,158.0,15.224883333333334,UTC-0300,2018-10-03,94.31372,,480.0568348,Wednesday,40,No_Travel
190,2018-10-04,150.73,36.88003333333334,UTC-0300,2018-10-04,92.24806,,356.07751160000004,Thursday,40,No_Travel
191,2018-10-05,468.057,92.06615000000001,UTC-0300,2018-10-05,93.19728,,548.0000064,Friday,40,No_Travel
192,2018-10-06,754.466,135.34175,UTC-0300,2018-10-06,90.69768,,428.09304960000003,Saturday,40,No_Travel
193,2018-10-09,608.294,99.03265000000002,UTC-0300,2018-10-09,88.17967,,373.0000041,Tuesday,41,No_Travel
194,2018-10-11,413.78999999999996,73.19983333333334,UTC-0300,2018-10-11,90.49881,,380.095002,Thursday,41,No_Travel
195,2018-10-12,375.252,70.54865,UTC-0300,2018-10-12,92.028984,,518.12317992,Friday,41,No_Travel
196,2018-10-15,252.0,30.0,UTC-0300,2018-10-15,91.38381,,349.0861542,Monday,42,No_Travel
197,2018-10-16,214.953,40.422200000000004,UTC-0300,2018-10-16,93.589745,,510.06411025000006,Tuesday,42,No_Travel
198,2018-10-17,296.553,55.76571666666667,UTC-0300,2018-10-17,45.411765,,396.89882610000006,Wednesday,42,No_Travel
199,2018-10-19,294.0,35.0,UTC-0300,2018-10-19,93.849655,,411.06148890000003,Friday,42,No_Travel
200,2018-10-20,240.252,45.169533333333334,UTC-0300,2018-10-20,89.79590999999998,,439.10199989998335,Saturday,42,No_Travel
201,2018-10-22,65.35,15.505033333333333,UTC-0300,2018-10-22,91.84061,,483.08160860000004,Monday,43,No_Travel
202,2018-10-23,252.0,30.0,UTC-0300,2018-10-23,92.36234,,519.0763508000001,Tuesday,43,No_Travel
203,2018-10-25,378.0,45.0,UTC-0300,2018-10-25,92.25589,,547.9999866,Thursday,43,No_Travel
204,2018-10-26,329.081,61.88535,UTC-0300,2018-10-26,91.61905,,480.083822,Friday,43,No_Travel
205,2018-10-27,378.0,45.0,UTC-0300,2018-10-27,92.00864,,425.07991680000003,Saturday,43,No_Travel
206,2018-10-28,285.0,30.0,UTC-0300,2018-10-28,93.98663,,421.9999687,Sunday,43,No_Travel
207,2018-10-29,298.944,56.20061666666667,UTC-0300,2018-10-29,91.2114,,383.08788000000004,Monday,44,No_Travel
208,2018-10-30,175.20999999999998,34.091366666666666,UTC-0300,2018-10-30,88.152197,,394.18179654,Tuesday,44,No_Travel
209,2018-10-31,340.623,69.05231666666667,UTC-0300,2018-10-31,87.21500166666665,,433.3835374999834,Wednesday,44,No_Travel
210,2018-11-03,336.0,40.0,UTC-0300,2018-11-03,92.98969,,450.0700996,Saturday,44,No_Travel
211,2018-11-05,650.875,99.19943333333333,UTC-0400,2018-11-05,89.49044,,561.1050588,Monday,45,No_Travel
212,2018-11-12,168.87,34.717266666666674,UTC-0400,2018-11-12,90.89531,,437.1821011,Monday,46,No_Travel
213,2018-11-14,336.0,40.0,UTC-0400,2018-11-14,93.66516,,413.0633556,Wednesday,46,No_Travel
214,2018-11-15,174.89999999999998,31.6411,UTC-0400,2018-11-15,91.68317,,463.00000850000004,Thursday,46,No_Travel
215,2018-11-16,378.0,45.0,UTC-0400,2018-11-16,91.17117,,505.0882818,Friday,46,No_Travel
216,2018-11-18,334.271,62.833400000000005,UTC-0400,2018-11-18,87.80488000000003,,467.1219616,Sunday,46,No_Travel
217,2018-11-19,74.43,15.606066666666667,UTC-0400,2018-11-19,84.37817000000001,,379.31243830000005,Monday,47,No_Travel
218,2018-11-20,294.0,35.0,UTC-0400,2018-11-20,90.630573,,472.07159877998333,Tuesday,47,No_Travel
219,2018-11-22,420.0,50.0,UTC-0400,2018-11-22,89.980736,,466.10021248000004,Thursday,47,No_Travel
220,2018-11-23,66.35,15.892616666666667,UTC-0400,2018-11-23,92.38156000000001,,529.1523572,Friday,47,No_Travel
221,2018-11-24,384.517,72.28108333333334,UTC-0400,2018-11-24,91.30435,,440.086967,Saturday,47,No_Travel
222,2018-11-25,318.507,59.87213333333334,UTC-0400,2018-11-25,92.1371,,456.078645,Sunday,47,No_Travel
223,2018-11-27,170.96,33.68761666666667,UTC-0400,2018-11-27,89.393936,,471.10604272,Tuesday,48,No_Travel
224,2018-11-29,336.0,40.0,UTC-0400,2018-11-29,90.78341,,393.0921653,Thursday,48,No_Travel
225,2018-12-01,390.887,73.50088333333333,UTC-0400,2018-12-01,92.36277,,386.0763786,Saturday,48,No_Travel
226,2018-12-02,306.552,35.76368333333333,UTC-0400,2018-12-02,90.50505,,447.094947,Sunday,48,No_Travel
227,2018-12-03,171.919,32.33605,UTC-0400,2018-12-03,91.14801,,502.177075,Monday,49,No_Travel
228,2018-12-06,369.0,44.0,UTC-0400,2018-12-06,91.84466,,472.0815524,Thursday,49,No_Travel
229,2018-12-08,378.0,45.0,UTC-0400,2018-12-08,91.21433000000002,,548.1757174,Saturday,49,No_Travel
230,2018-12-10,349.899,65.77261666666668,UTC-0400,2018-12-10,91.85803,,451.9415076000001,Monday,50,No_Travel
231,2018-12-11,259.387,48.77313333333334,UTC-0400,2018-12-11,90.130356,,483.09870816,Tuesday,50,No_Travel
232,2018-12-12,286.916,53.95161666666667,UTC-0400,2018-12-12,87.64045,,389.123598,Wednesday,50,No_Travel
233,2018-12-14,499.17,72.5004,UTC-0400,2018-12-14,89.95354,,469.20092200000005,Friday,50,No_Travel
234,2018-12-15,382.917,72.00203333333334,UTC-0400,2018-12-15,89.54128,,500.5357552,Saturday,50,No_Travel
235,2018-12-18,767.987,128.55468333333334,UTC-0400,2018-12-18,91.30435,,461.08696750000007,Tuesday,51,No_Travel
236,2018-12-20,345.623,67.62886666666667,UTC-0400,2018-12-20,90.94139,,511.09061180000003,Thursday,51,No_Travel
237,2018-12-22,336.0,40.0,UTC-0400,2018-12-22,90.97104,,534.0000048,Saturday,51,No_Travel
238,2018-12-26,397.26,74.68903333333334,UTC-0400,2018-12-26,89.86083,,451.1013666,Wednesday,52,No_Travel
239,2018-12-29,210.0,25.0,UTC-0400,2018-12-29,90.022675,,396.09977000000003,Saturday,52,No_Travel
240,2019-01-02,330.8040000000001,62.21046666666667,UTC-0400,2019-01-02,93.21739,,535.0678186,Wednesday,53,No_Travel
241,2019-01-03,772.0,40.0,UTC-0400,2019-01-03,93.333336,,402.26667816,Thursday,53,No_Travel
242,2019-01-05,212.429,39.9444,UTC-0400,2019-01-05,88.31967,,430.11679290000006,Saturday,53,No_Travel
243,2019-01-07,143.444,26.963333333333335,UTC-0400,2019-01-07,90.73084,,508.092704,Monday,54,No_Travel
244,2019-01-20,112.846,21.250933333333332,UTC-0400,2019-01-20,86.79803,,402.264043,Sunday,54,No_Travel
245,2019-01-22,579.0,30.0,UTC-0400,2019-01-22,87.0,,611.8600000000001,Tuesday,55,No_Travel
246,2019-01-24,656.862,133.42916666666667,UTC-0400,2019-01-24,89.0,,561.59,Thursday,55,No_Travel
247,2019-01-25,371.221,69.78595,UTC-0400,2019-01-25,91.0,,502.32,Friday,55,No_Travel
248,2019-01-27,892.1700000000001,95.13353333333333,UTC-0400,2019-01-27,88.0,,401.28000000000003,Sunday,55,No_Travel
249,2019-01-31,314.0,90.0,UTC-0400,2019-01-31,91.5,,628.19,Thursday,56,No_Travel
250,2019-02-01,192.0,55.0,UTC-0400,2019-02-01,44.5,0.0,444.11,Friday,56,No_Travel
251,2019-02-02,382.311,82.11506666666668,UTC-0400,2019-02-02,43.0,0.0,416.24,Saturday,56,No_Travel
252,2019-02-03,344.7850000000001,70.17018333333334,UTC-0400,2019-02-03,83.0,,463.31000000000006,Sunday,56,No_Travel
253,2019-02-04,311.262,67.11633333333333,UTC-0400,2019-02-04,76.5,,488.18000000000006,Monday,57,No_Travel
254,2019-02-06,1044.271,129.51328333333333,UTC-0400,2019-02-06,73.0,,428.51000000000005,Wednesday,57,No_Travel
255,2019-02-11,273.805,51.479733333333336,UTC-0400,2019-02-11,87.0,,510.69,Monday,58,No_Travel
256,2019-02-12,64.15,16.699516666666668,UTC-0400,2019-02-12,90.5,,410.1,Tuesday,58,No_Travel
257,2019-02-13,163.54,25.666800000000002,UTC-0400,2019-02-13,90.0,,73.8,Wednesday,58,No_Travel
258,2019-02-18,271.336,51.00761666666667,UTC-0400,2019-02-18,0.0,0.0,0.0,Monday,59,No_Travel
259,2019-02-19,144.945,27.249933333333335,UTC-0400,2019-02-19,89.0,,536.63,Tuesday,59,No_Travel
260,2019-02-22,869.0,45.0,UTC-0400,2019-02-22,90.0,,575.1,Friday,59,No_Travel
261,2019-02-24,378.0,45.0,UTC-0400,2019-02-24,0.0,0.0,0.0,Sunday,59,No_Travel
262,2019-02-25,307.323,57.78145,UTC-0400,2019-02-25,90.0,,418.5,Monday,60,No_Travel
263,2019-02-27,676.0,35.0,UTC-0400,2019-02-27,84.0,,474.72,Wednesday,60,No_Travel
264,2019-03-01,772.0,40.0,UTC-0400,2019-03-01,0.0,0.0,0.0,Friday,60,No_Travel
265,2019-03-04,336.287,63.21653333333334,UTC-0400,2019-03-04,91.5,,439.2,Monday,61,No_Travel
266,2019-03-05,336.0,40.0,UTC-0400,2019-03-05,87.0,,456.75,Tuesday,61,No_Travel
267,2019-03-06,342.029,64.33535,UTC-0400,2019-03-06,91.0,,445.9,Wednesday,61,No_Travel
268,2019-03-08,560.0,40.0,UTC-0400,2019-03-08,88.0,,455.35,Friday,61,No_Travel
269,2019-03-11,550.069,86.02788333333334,UTC-0300,2019-03-11,91.0,,497.77000000000004,Monday,62,No_Travel
270,2019-03-13,883.1899999999999,103.36318333333332,UTC-0300,2019-03-13,88.0,,456.72,Wednesday,62,No_Travel
271,2019-03-15,317.168,59.63,UTC-0300,2019-03-15,86.0,,460.1,Friday,62,No_Travel
272,2019-03-18,336.0,40.0,UTC-0300,2019-03-18,90.0,,337.5,Monday,63,No_Travel
273,2019-03-19,83.67,15.966000000000001,UTC-0300,2019-03-19,88.0,,418.88000000000005,Tuesday,63,No_Travel
274,2019-03-21,81.56,15.240116666666667,UTC-0300,2019-03-21,87.0,,485.46000000000004,Thursday,63,No_Travel
275,2019-03-22,388.033,76.64665000000001,UTC-0300,2019-03-22,80.0,,448.8,Friday,63,No_Travel
276,2019-03-24,541.582,78.63831666666667,UTC-0300,2019-03-24,86.0,,412.8,Sunday,63,No_Travel
277,2019-03-25,337.664,63.46945000000001,UTC-0300,2019-03-25,80.5,,320.04,Monday,64,No_Travel
278,2019-03-27,240.295,45.17911666666667,UTC-0300,2019-03-27,89.0,,447.67,Wednesday,64,No_Travel
279,2019-03-28,72.12,17.348366666666667,UTC-0300,2019-03-28,88.0,,337.92,Thursday,64,No_Travel
280,2019-03-29,473.37,97.50470000000001,UTC-0300,2019-03-29,93.0,,448.26000000000005,Friday,64,No_Travel
281,2019-03-30,133.81,32.01308333333334,UTC-0300,2019-03-30,91.0,,428.61,Saturday,64,No_Travel
282,2019-04-02,59.81,16.38835,UTC-0300,2019-04-02,92.0,,417.68000000000006,Tuesday,65,No_Travel
283,2019-04-03,336.0,40.0,UTC-0300,2019-04-03,92.0,,470.12,Wednesday,65,No_Travel
284,2019-04-04,170.689996,38.652633333333334,UTC-0300,2019-04-04,89.0,,379.14000000000004,Thursday,65,No_Travel
285,2019-04-07,171.37,49.408350000000006,UTC-0300,2019-04-07,88.0,,427.68000000000006,Sunday,65,No_Travel
286,2019-04-08,169.51,49.567400000000006,UTC-0300,2019-04-08,90.0,,386.1,Monday,66,No_Travel
287,2019-04-09,336.0,40.0,UTC-0300,2019-04-09,89.0,,389.82,Tuesday,66,No_Travel
288,2019-04-11,261.3,49.12895,UTC-0300,2019-04-11,87.0,,501.99,Thursday,66,No_Travel
289,2019-04-13,336.0,40.0,UTC-0300,2019-04-13,90.0,,322.2,Saturday,66,No_Travel
290,2019-04-15,1214.848,144.6831,UTC-0600,2019-04-15,86.0,,379.26000000000005,Monday,67,Travel
291,2019-04-16,228.70999999999998,61.55303333333333,UTC-0600,2019-04-16,88.0,,137.28000000000003,Tuesday,67,Travel
292,2019-04-17,441.47700000000003,62.542500000000004,UTC-0600,2019-04-17,83.0,,414.17,Wednesday,67,Travel
293,2019-04-18,484.83000000000004,118.94531666666668,UTC-0600,2019-04-18,85.0,,413.1,Thursday,67,Travel
294,2019-04-20,77.99,21.622300000000003,UTC-0600,2019-04-20,84.5,,356.8,Saturday,67,Travel
295,2019-04-23,56.948387,45.209766666666674,UTC-0600,2019-04-23,0.0,0.0,0.0,Tuesday,68,Travel
296,2019-04-25,844.954,82.43455,UTC-0600,2019-04-25,83.0,,317.89000000000004,Thursday,68,Travel
297,2019-04-27,1786.6799999999998,324.49653333333333,UTC-0600,2019-04-27,82.0,,402.62,Saturday,68,Travel
298,2019-04-29,205.07,44.552350000000004,UTC-0300,2019-04-29,84.0,,455.28000000000003,Monday,69,No_Travel
299,2019-04-30,309.02,58.08146666666667,UTC-0300,2019-04-30,89.0,,389.82,Tuesday,69,No_Travel
300,2019-05-02,336.0,40.0,UTC-0300,2019-05-02,91.0,,405.86,Thursday,69,No_Travel
301,2019-05-10,174.85000000000002,36.22611666666667,UTC-0300,2019-05-10,87.0,,490.68000000000006,Friday,69,No_Travel
