Unnamed: 0,distance,duration,update_time,create_time,time_offset,mean_speed,end_time,max_speed,exercise_type,start_time,calorie,start_date,start,end_date,exercise_duration,exercise_duration_minutes,start_hour,end_hour,type,exercise_duration_int
430,987.061,994597,2017-12-26 19:33:53.516,2017-12-26 19:33:53.516,UTC-0700,1.2250235,2017-12-26 19:32:52.046,1.4743618,1001,2017-12-26 19:16:17.449,57.18,2017-12-26,19:16:17.449000,2017-12-26,0 days 00:16:34.597000000,16.57661666666667,19,19,Walking,16
207,1159.26,952532,2017-12-30 21:21:36.413,2017-12-30 21:21:36.413,UTC-0700,1.1975886999999998,2017-12-30 21:20:35.056,1.4522674999999998,1001,2017-12-30 21:04:42.524,68.12,2017-12-30,21:04:42.524000,2017-12-30,0 days 00:15:52.532000000,15.875533333333333,21,21,Walking,15
149,1542.569,1171467,2018-01-01 20:26:57.435,2018-01-01 20:26:57.435,UTC-0700,1.5236253,2018-01-01 20:25:55.930,2.3055556,1001,2018-01-01 20:06:24.463,93.31,2018-01-01,20:06:24.463000,2018-01-01,0 days 00:19:31.467000000,19.52445,20,20,Walking,19
343,1700.781,1734242,2018-01-06 21:09:52.562,2018-01-06 21:09:52.562,UTC-0400,1.2270176000000002,2018-01-06 21:08:52.911,1.6111112,1001,2018-01-06 20:39:58.669,104.25,2018-01-06,20:39:58.669000,2018-01-06,0 days 00:28:54.242000000,28.904033333333338,20,21,Walking,28
450,2020.45,1324550,2018-01-06 22:02:57.506,2018-01-06 22:02:57.506,UTC-0400,1.5916224,2018-01-06 22:01:55.685,2.0833333,1001,2018-01-06 21:39:51.135,115.07,2018-01-06,21:39:51.135000,2018-01-06,0 days 00:22:04.550000000,22.075833333333335,21,22,Walking,22
110,2046.561,1557987,2018-01-06 20:33:10.709,2018-01-06 20:33:10.709,UTC-0400,1.4423099,2018-01-06 20:32:10.879,2.5,1001,2018-01-06 20:06:12.892,124.04,2018-01-06,20:06:12.892000,2018-01-06,0 days 00:25:57.987000000,25.966450000000002,20,20,Walking,25
457,2542.589,2371405,2018-01-14 18:06:46.520,2018-01-14 18:06:46.520,UTC-0400,1.2449791,2018-01-14 18:05:45.733,1.6724941999999998,1001,2018-01-14 17:26:14.328,149.19,2018-01-14,17:26:14.328000,2018-01-14,0 days 00:39:31.405000000,39.52341666666667,17,18,Walking,39
186,1269.83,1061920,2018-01-18 13:09:36.304,2018-01-18 13:09:36.304,UTC-0400,1.5002557,2018-01-18 13:08:35.348,2.1540844,1001,2018-01-18 12:50:53.428,81.13,2018-01-18,12:50:53.428000,2018-01-18,0 days 00:17:41.920000000,17.698666666666668,12,13,Walking,17
195,2197.811,1665872,2018-01-20 21:08:18.345,2018-01-20 21:08:18.345,UTC-0400,1.3096772,2018-01-20 21:07:18.209,1.5,1001,2018-01-20 20:39:32.337,124.8,2018-01-20,20:39:32.337000,2018-01-20,0 days 00:27:45.872000000,27.764533333333336,20,21,Walking,27
261,1218.266,1162797,2018-01-22 21:54:41.372,2018-01-22 21:54:41.372,UTC-0400,1.5051749,2018-01-22 21:53:39.320,1.877088,1001,2018-01-22 21:34:16.523,77.37,2018-01-22,21:34:16.523000,2018-01-22,0 days 00:19:22.797000000,19.37995,21,21,Walking,19
201,1171.43,1088026,2018-01-29 23:40:43.472,2018-01-29 23:40:43.472,UTC-0400,1.431059,2018-01-29 23:39:41.821,1.6388888,1001,2018-01-29 23:21:33.795,82.11,2018-01-29,23:21:33.795000,2018-01-29,0 days 00:18:08.026000000,18.133766666666666,23,23,Walking,18
45,1076.869,906462,2018-01-31 13:14:56.332,2018-01-31 13:14:56.332,UTC-0400,1.5027097,2018-01-31 13:13:58.877,1.75,1001,2018-01-31 12:58:52.415,70.64,2018-01-31,12:58:52.415000,2018-01-31,0 days 00:15:06.462000000,15.107700000000001,12,13,Walking,15
65,1115.53,903084,2018-02-01 13:06:43.198,2018-02-01 13:06:43.198,UTC-0400,1.2352451,2018-02-01 02:08:03.000,2.0277777,1001,2018-02-01 01:53:00.000,66.11,2018-02-01,01:53:00,2018-02-01,0 days 00:15:03.084000000,15.051400000000001,1,2,Walking,15
177,1454.98,1097474,2018-02-05 23:50:38.888,2018-02-05 23:50:38.888,UTC-0400,1.3257536,2018-02-05 23:49:27.000,3.2222223,1001,2018-02-05 23:31:10.000,105.6,2018-02-05,23:31:10,2018-02-05,0 days 00:18:17.474000000,18.291233333333334,23,23,Walking,18
49,1136.598,957463,2018-02-07 13:08:29.315,2018-02-07 13:08:29.315,UTC-0400,1.5318687,2018-02-07 13:07:27.775,2.1388888,1001,2018-02-07 12:51:30.312,71.12,2018-02-07,12:51:30.312000,2018-02-07,0 days 00:15:57.463000000,15.957716666666668,12,13,Walking,15
302,1036.66,964195,2018-02-08 02:29:04.307,2018-02-08 02:29:04.307,UTC-0400,1.0751559,2018-02-08 02:11:04.000,3.7222223,1001,2018-02-08 01:55:00.000,61.31,2018-02-08,01:55:00,2018-02-08,0 days 00:16:04.195000000,16.069916666666668,1,2,Walking,16
308,989.601,959484,2018-02-12 23:47:11.367,2018-02-12 23:47:11.367,UTC-0400,1.4408858,2018-02-12 23:46:10.688,1.6944444,1001,2018-02-12 23:30:11.204,71.39,2018-02-12,23:30:11.204000,2018-02-12,0 days 00:15:59.484000000,15.9914,23,23,Walking,15
230,1084.58,914525,2018-02-15 02:21:36.397,2018-02-15 02:21:36.397,UTC-0400,1.1859491000000002,2018-02-15 02:07:14.000,1.5555556,1001,2018-02-15 01:52:00.000,78.59,2018-02-15,01:52:00,2018-02-15,0 days 00:15:14.525000000,15.242083333333335,1,2,Walking,15
53,934.951,984817,2018-02-15 02:09:17.341,2018-02-15 02:09:17.341,UTC-0400,1.25406,2018-02-15 02:08:16.295,1.6666666,1001,2018-02-15 01:51:51.478,75.46,2018-02-15,01:51:51.478000,2018-02-15,0 days 00:16:24.817000000,16.413616666666666,1,2,Walking,16
428,945.985,1006886,2018-02-17 02:10:43.442,2018-02-17 02:10:43.442,UTC-0400,1.3250204,2018-02-17 02:09:43.366,1.75,1001,2018-02-17 01:52:56.480,77.51,2018-02-17,01:52:56.480000,2018-02-17,0 days 00:16:46.886000000,16.781433333333336,1,2,Walking,16
427,2504.821,2471549,2018-02-17 00:51:01.418,2018-02-17 00:51:01.418,UTC-0400,1.1529497,2018-02-17 00:49:59.542,1.5,1001,2018-02-17 00:08:47.993,149.72,2018-02-17,00:08:47.993000,2018-02-17,0 days 00:41:11.549000000,41.192483333333335,0,0,Walking,41
96,1590.2720000000004,1577055,2018-02-18 18:43:13.477,2018-02-18 18:43:13.477,UTC-0400,1.0169703,2018-02-18 18:42:14.034,1.3055556,1001,2018-02-18 18:15:56.979,96.22,2018-02-18,18:15:56.979000,2018-02-18,0 days 00:26:17.055000000,26.28425,18,18,Walking,26
21,1957.181,1856921,2018-02-18 19:15:35.249,2018-02-18 19:15:35.249,UTC-0400,1.1661304,2018-02-18 19:14:35.430,1.4722222,1001,2018-02-18 18:43:38.509,116.19,2018-02-18,18:43:38.509000,2018-02-18,0 days 00:30:56.921000000,30.948683333333335,18,19,Walking,30
446,2910.113,2438135,2018-02-19 20:47:41.838,2018-02-19 20:47:41.838,UTC-0400,1.286526,2018-02-19 20:46:38.965,1.6666666,1001,2018-02-19 20:06:00.830,168.27,2018-02-19,20:06:00.830000,2018-02-19,0 days 00:40:38.135000000,40.63558333333334,20,20,Walking,40
50,2005.331,1625812,2018-02-19 21:30:51.052,2018-02-19 21:30:51.052,UTC-0400,1.4405574,2018-02-19 21:29:49.024,1.6944444,1001,2018-02-19 21:02:43.212,121.0,2018-02-19,21:02:43.212000,2018-02-19,0 days 00:27:05.812000000,27.096866666666667,21,21,Walking,27
157,1739.942,2031226,2018-02-24 23:24:39.351,2018-02-24 23:24:39.351,UTC-0400,0.98188126,2018-02-24 23:23:38.308,1.5240619,1001,2018-02-24 22:49:47.082,110.92,2018-02-24,22:49:47.082000,2018-02-24,0 days 00:33:51.226000000,33.853766666666665,22,23,Walking,33
131,1037.82,1017076,2018-03-01 00:13:52.221,2018-03-01 00:13:52.221,UTC-0400,1.3674446000000002,2018-03-01 00:12:51.189,1.7777778000000002,1001,2018-02-28 23:55:54.113,70.51,2018-02-28,23:55:54.113000,2018-03-01,0 days 00:16:57.076000000,16.951266666666665,23,0,Walking,16
330,1595.23,1557826,2018-03-03 23:11:09.956,2018-03-03 23:11:09.956,UTC-0400,1.0354218000000002,2018-03-03 23:10:08.445,1.3055556,1001,2018-03-03 22:44:10.619,98.65,2018-03-03,22:44:10.619000,2018-03-03,0 days 00:25:57.826000000,25.963766666666668,22,23,Walking,25
412,1981.08,1773072,2018-03-03 22:33:35.647,2018-03-03 22:33:35.647,UTC-0400,1.2438281999999998,2018-03-03 22:32:34.335,1.6388888,1001,2018-03-03 22:03:01.263,116.61,2018-03-03,22:03:01.263000,2018-03-03,0 days 00:29:33.072000000,29.5512,22,22,Walking,29
367,1301.747,1129419,2018-03-04 00:04:34.441,2018-03-04 00:04:34.441,UTC-0400,1.2251438,2018-03-04 00:03:33.213,1.3888888,1001,2018-03-03 23:44:43.794,76.0,2018-03-03,23:44:43.794000,2018-03-04,0 days 00:18:49.419000000,18.82365,23,0,Walking,18
372,1173.182,1226638,2018-03-04 20:56:10.361,2018-03-04 20:56:10.361,UTC-0400,1.1157646,2018-03-04 20:55:08.778,1.6111112,1001,2018-03-04 20:34:42.140,71.46,2018-03-04,20:34:42.140000,2018-03-04,0 days 00:20:26.638000000,20.443966666666668,20,20,Walking,20
4,1670.411,1680955,2018-03-04 23:26:13.923,2018-03-04 22:10:48.054,UTC-0400,1.0319625,2018-03-04 21:48:23.708,1.3333334,1001,2018-03-04 21:20:22.753,105.5,2018-03-04,21:20:22.753000,2018-03-04,0 days 00:28:00.955000000,28.01591666666667,21,21,Walking,28
190,1936.772,1914823,2018-03-04 20:32:29.235,2018-03-04 20:32:29.235,UTC-0400,1.1420529,2018-03-04 20:31:27.947,2.0123239,1001,2018-03-04 19:59:33.124,120.17,2018-03-04,19:59:33.124000,2018-03-04,0 days 00:31:54.823000000,31.91371666666667,19,20,Walking,31
370,964.67,1024925,2018-03-05 23:47:45.491,2018-03-05 23:47:45.491,UTC-0400,1.4480299,2018-03-05 23:46:45.333,1.8373358,1001,2018-03-05 23:29:40.408,69.3,2018-03-05,23:29:40.408000,2018-03-05,0 days 00:17:04.925000000,17.082083333333333,23,23,Walking,17
322,926.86,945669,2018-03-06 23:21:07.378,2018-03-06 23:21:07.378,UTC-0400,1.0941976,2018-03-06 23:20:07.487,1.25,1001,2018-03-06 23:04:21.818,59.57,2018-03-06,23:04:21.818000,2018-03-06,0 days 00:15:45.669000000,15.761150000000002,23,23,Walking,15
160,1471.381,1460661,2018-03-11 20:51:34.603,2018-03-11 20:51:34.603,UTC-0300,1.2546114,2018-03-11 20:50:32.570,2.2777777,1001,2018-03-11 20:26:11.909,107.35,2018-03-11,20:26:11.909000,2018-03-11,0 days 00:24:20.661000000,24.344350000000002,20,20,Walking,24
206,1812.9299,1447380,2018-03-11 20:55:01.811,2018-03-11 20:55:01.811,UTC-0300,1.2525598,2018-03-11 20:51:09.000,3.4444444,1001,2018-03-11 20:27:02.000,125.78,2018-03-11,20:27:02,2018-03-11,0 days 00:24:07.380000000,24.123,20,20,Walking,24
156,1161.96,1007828,2018-03-12 23:52:41.395,2018-03-12 23:52:41.395,UTC-0300,1.3497202,2018-03-12 23:51:41.016,1.6388888,1001,2018-03-12 23:34:53.188,68.08,2018-03-12,23:34:53.188000,2018-03-12,0 days 00:16:47.828000000,16.797133333333335,23,23,Walking,16
64,1306.02,1154405,2018-03-13 09:48:47.321,2018-03-13 09:48:47.321,UTC-0300,1.1313361000000002,2018-03-12 23:55:14.000,1.8055556,1001,2018-03-12 23:36:00.000,71.71,2018-03-12,23:36:00,2018-03-12,0 days 00:19:14.405000000,19.240083333333335,23,23,Walking,19
78,1128.04,1098455,2018-03-12 19:55:15.258,2018-03-12 19:55:15.258,UTC-0300,1.2947123,2018-03-12 19:54:13.305,1.7222221999999998,1001,2018-03-12 19:35:54.850,66.58,2018-03-12,19:35:54.850000,2018-03-12,0 days 00:18:18.455000000,18.307583333333337,19,19,Walking,18
296,1173.34,909877,2018-03-12 19:59:08.597,2018-03-12 19:59:08.597,UTC-0300,1.2895589,2018-03-12 19:53:09.000,2.3055556,1001,2018-03-12 19:38:00.000,64.08,2018-03-12,19:38:00,2018-03-12,0 days 00:15:09.877000000,15.164616666666667,19,19,Walking,15
394,2216.45,1855432,2018-03-16 22:57:11.880,2018-03-16 22:57:11.880,UTC-0300,1.1945735,2018-03-16 22:55:55.000,1.5,1001,2018-03-16 22:25:00.000,116.42,2018-03-16,22:25:00,2018-03-16,0 days 00:30:55.432000000,30.923866666666665,22,22,Walking,30
305,2138.9,1881582,2018-03-16 22:56:53.364,2018-03-16 22:56:53.364,UTC-0300,1.3307831,2018-03-16 22:55:53.580,1.5833334,1001,2018-03-16 22:24:31.998,123.2,2018-03-16,22:24:31.998000,2018-03-16,0 days 00:31:21.582000000,31.3597,22,22,Walking,31
56,1134.25,1255688,2018-03-18 22:50:06.400,2018-03-18 22:50:06.400,UTC-0300,0.8917478999999999,2018-03-18 22:49:05.416,1.0833334,1001,2018-03-18 22:28:09.728,73.97,2018-03-18,22:28:09.728000,2018-03-18,0 days 00:20:55.688000000,20.928133333333335,22,22,Walking,20
259,2245.98,1747078,2018-03-20 22:25:12.933,2018-03-20 22:25:12.933,UTC-0300,1.2855637,2018-03-20 22:24:07.000,2.7777777,1001,2018-03-20 21:55:00.000,120.58,2018-03-20,21:55:00,2018-03-20,0 days 00:29:07.078000000,29.11796666666667,21,22,Walking,29
422,1992.51,1834331,2018-03-20 22:25:16.241,2018-03-20 22:25:16.241,UTC-0300,1.2183607,2018-03-20 22:24:15.077,1.4722222,1001,2018-03-20 21:53:40.746,119.09,2018-03-20,21:53:40.746000,2018-03-20,0 days 00:30:34.331000000,30.572183333333335,21,22,Walking,30
25,3075.3,2344680,2018-03-20 23:07:06.503,2018-03-20 23:07:06.503,UTC-0300,1.3116075,2018-03-20 23:06:04.000,1.5833334,1001,2018-03-20 22:27:00.000,159.64,2018-03-20,22:27:00,2018-03-20,0 days 00:39:04.680000000,39.078,22,23,Walking,39
132,2619.01,2355955,2018-03-20 23:06:48.556,2018-03-20 23:06:48.556,UTC-0300,1.1246649,2018-03-20 23:05:46.984,1.5555556,1001,2018-03-20 22:26:31.029,158.02,2018-03-20,22:26:31.029000,2018-03-20,0 days 00:39:15.955000000,39.26591666666666,22,23,Walking,39
196,2365.21,1781940,2018-03-23 16:08:06.332,2018-03-23 16:08:06.332,UTC-0300,1.327323,2018-03-23 13:45:11.000,2.0555556,1001,2018-03-23 13:15:30.000,123.38,2018-03-23,13:15:30,2018-03-23,0 days 00:29:41.940000000,29.699,13,13,Walking,29
79,2045.67,1705277,2018-03-23 13:45:05.417,2018-03-23 13:45:05.417,UTC-0300,1.2192038,2018-03-23 13:44:04.809,1.5555556,1001,2018-03-23 13:15:39.532,119.51,2018-03-23,13:15:39.532000,2018-03-23,0 days 00:28:25.277000000,28.421283333333335,13,13,Walking,28
94,2395.0,1818360,2018-03-23 13:12:36.234,2018-03-23 13:12:36.234,UTC-0300,1.3171209,2018-03-23 12:51:27.000,1.4722222,1001,2018-03-23 12:21:09.000,127.06,2018-03-23,12:21:09,2018-03-23,0 days 00:30:18.360000000,30.306,12,12,Walking,30
115,2001.509,1880954,2018-03-23 12:52:43.364,2018-03-23 12:52:43.364,UTC-0300,1.1152102,2018-03-23 12:51:42.776,1.75,1001,2018-03-23 12:20:21.822,123.33,2018-03-23,12:20:21.822000,2018-03-23,0 days 00:31:20.954000000,31.349233333333338,12,12,Walking,31
22,1003.31,923491,2018-03-25 19:28:43.461,2018-03-25 19:28:43.461,UTC-0300,1.1786413999999998,2018-03-25 19:27:42.786,1.3888888,1001,2018-03-25 19:12:19.295,60.8,2018-03-25,19:12:19.295000,2018-03-25,0 days 00:15:23.491000000,15.391516666666668,19,19,Walking,15
336,2570.597,2143165,2018-03-26 12:47:44.681,2018-03-26 12:47:44.681,UTC-0300,1.2274376,2018-03-26 12:46:42.353,1.5277778,1001,2018-03-26 12:10:59.188,153.28,2018-03-26,12:10:59.188000,2018-03-26,0 days 00:35:43.165000000,35.71941666666667,12,12,Walking,35
162,2907.61,2136440,2018-03-26 12:49:45.966,2018-03-26 12:49:45.966,UTC-0300,1.3609601999999998,2018-03-26 12:46:36.000,2.0277777,1001,2018-03-26 12:11:00.000,153.25,2018-03-26,12:11:00,2018-03-26,0 days 00:35:36.440000000,35.60733333333334,12,12,Walking,35
80,1785.71,1322983,2018-03-29 12:07:48.256,2018-03-29 12:07:48.256,UTC-0300,1.3497603,2018-03-29 12:06:32.000,2.6666667,1001,2018-03-29 11:44:30.000,114.54,2018-03-29,11:44:30,2018-03-29,0 days 00:22:02.983000000,22.04971666666667,11,12,Walking,22
494,830.563,900958,2018-03-29 01:09:14.155,2018-03-29 01:09:14.155,UTC-0300,1.2731429,2018-03-29 01:08:13.543,1.5833334,1001,2018-03-29 00:53:12.585,67.78,2018-03-29,00:53:12.585000,2018-03-29,0 days 00:15:00.958000000,15.015966666666667,0,1,Walking,15
435,2479.41,1887204,2018-03-30 22:27:46.634,2018-03-30 22:27:46.634,UTC-0300,1.3138007,2018-03-30 22:16:42.000,2.6111112000000003,1001,2018-03-30 21:45:15.000,134.19,2018-03-30,21:45:15,2018-03-30,0 days 00:31:27.204000000,31.453400000000002,21,22,Walking,31
54,1494.19,1158088,2018-03-30 23:43:04.300,2018-03-30 23:43:04.300,UTC-0300,1.2902215,2018-03-30 23:41:18.000,1.4722222,1001,2018-03-30 23:22:00.000,79.3,2018-03-30,23:22:00,2018-03-30,0 days 00:19:18.088000000,19.301466666666666,23,23,Walking,19
44,2006.862,1882077,2018-03-30 22:17:51.329,2018-03-30 22:17:51.329,UTC-0300,1.1177728,2018-03-30 22:16:49.793,1.3611112,1001,2018-03-30 21:45:27.716,123.09,2018-03-30,21:45:27.716000,2018-03-30,0 days 00:31:22.077000000,31.367950000000004,21,22,Walking,31
155,2125.552,2101620,2018-03-30 23:42:25.443,2018-03-30 23:42:25.443,UTC-0300,1.0629008,2018-03-30 23:41:24.148,1.4444444,1001,2018-03-30 23:06:22.528,129.98,2018-03-30,23:06:22.528000,2018-03-30,0 days 00:35:01.620000000,35.02700000000001,23,23,Walking,35
319,996.84,1012671,2018-04-01 18:18:33.409,2018-04-01 18:18:33.409,UTC-0300,1.2771837,2018-04-01 18:17:32.204,1.75,1001,2018-04-01 18:00:39.533,57.53,2018-04-01,18:00:39.533000,2018-04-01,0 days 00:16:52.671000000,16.877850000000002,18,18,Walking,16
145,1176.85,1084483,2018-04-01 18:20:32.890,2018-04-01 18:20:32.890,UTC-0300,1.0851715,2018-04-01 18:19:19.000,2.0,1001,2018-04-01 18:01:14.000,62.51,2018-04-01,18:01:14,2018-04-01,0 days 00:18:04.483000000,18.07471666666667,18,18,Walking,18
316,2004.53,1597587,2018-04-06 00:40:55.746,2018-04-06 00:40:55.746,UTC-0300,1.2547233999999998,2018-04-06 00:39:37.000,2.5,1001,2018-04-06 00:13:00.000,107.61,2018-04-06,00:13:00,2018-04-06,0 days 00:26:37.587000000,26.62645,0,0,Walking,26
475,1588.391,1593646,2018-04-06 00:40:38.440,2018-04-06 00:40:38.440,UTC-0300,1.0807437,2018-04-06 00:39:36.420,1.3888888,1001,2018-04-06 00:13:02.774,97.61,2018-04-06,00:13:02.774000,2018-04-06,0 days 00:26:33.646000000,26.56076666666667,0,0,Walking,26
274,1075.46,947578,2018-04-10 23:57:16.811,2018-04-10 23:57:16.811,UTC-0300,1.1349566999999998,2018-04-10 20:46:03.000,1.8055556,1001,2018-04-10 20:30:16.000,82.19,2018-04-10,20:30:16,2018-04-10,0 days 00:15:47.578000000,15.792966666666668,20,20,Walking,15
235,1013.449,985336,2018-04-10 20:47:36.366,2018-04-10 20:47:36.366,UTC-0300,1.4051973999999998,2018-04-10 20:46:35.082,1.5833334,1001,2018-04-10 20:30:09.746,77.04,2018-04-10,20:30:09.746000,2018-04-10,0 days 00:16:25.336000000,16.422266666666665,20,20,Walking,16
16,1583.3,1126450,2018-04-12 23:21:55.807,2018-04-12 23:21:55.807,UTC-0300,1.4055661,2018-04-12 23:19:18.000,3.3611112000000003,1001,2018-04-12 23:00:32.000,99.01,2018-04-12,23:00:32,2018-04-12,0 days 00:18:46.450000000,18.774166666666666,23,23,Walking,18
150,1585.861,1366868,2018-04-12 23:20:22.537,2018-04-12 23:20:22.537,UTC-0300,1.336619,2018-04-12 23:19:21.187,2.7222223,1001,2018-04-12 22:56:34.319,105.75,2018-04-12,22:56:34.319000,2018-04-12,0 days 00:22:46.868000000,22.781133333333337,22,23,Walking,22
438,2038.9,1635529,2018-04-13 14:24:49.087,2018-04-13 14:24:49.087,UTC-0300,1.2466303,2018-04-13 13:02:15.000,2.0277777,1001,2018-04-13 12:35:00.000,106.13,2018-04-13,12:35:00,2018-04-13,0 days 00:27:15.529000000,27.258816666666668,12,13,Walking,27
324,1897.419,1810317,2018-04-13 13:05:13.400,2018-04-13 13:05:13.400,UTC-0300,1.2100133,2018-04-13 13:04:12.413,1.5833334,1001,2018-04-13 12:34:02.096,111.73,2018-04-13,12:34:02.096000,2018-04-13,0 days 00:30:10.317000000,30.17195,12,13,Walking,30
371,1519.2,1477552,2018-04-20 12:22:00.398,2018-04-20 12:22:00.398,UTC-0300,1.1088889,2018-04-20 12:20:58.864,1.3611112,1001,2018-04-20 11:56:21.312,92.7,2018-04-20,11:56:21.312000,2018-04-20,0 days 00:24:37.552000000,24.62586666666667,11,12,Walking,24
234,1333.693,1185743,2018-04-22 12:59:40.391,2018-04-22 12:59:40.391,UTC-0300,1.2923905,2018-04-22 12:58:38.605,1.7222221999999998,1001,2018-04-22 12:38:52.862,76.54,2018-04-22,12:38:52.862000,2018-04-22,0 days 00:19:45.743000000,19.762383333333336,12,12,Walking,19
91,1422.707,1360177,2018-04-22 11:50:51.618,2018-04-22 11:50:51.618,UTC-0300,1.1409789,2018-04-22 11:49:50.101,1.4444444,1001,2018-04-22 11:27:09.924,84.7,2018-04-22,11:27:09.924000,2018-04-22,0 days 00:22:40.177000000,22.66961666666667,11,11,Walking,22
216,1609.35,1230727,2018-04-22 12:06:07.267,2018-04-22 12:06:07.267,UTC-0300,1.3076417,2018-04-22 11:49:31.000,1.4722222,1001,2018-04-22 11:29:01.000,84.79,2018-04-22,11:29:01,2018-04-22,0 days 00:20:30.727000000,20.512116666666667,11,11,Walking,20
35,1341.2,1027937,2018-04-22 14:10:07.487,2018-04-22 14:10:07.487,UTC-0300,1.3047493,2018-04-22 12:59:07.000,1.6666666,1001,2018-04-22 12:42:00.000,69.44,2018-04-22,12:42:00,2018-04-22,0 days 00:17:07.937000000,17.132283333333337,12,12,Walking,17
188,1225.9,915072,2018-04-24 00:31:24.053,2018-04-24 00:31:24.053,UTC-0300,1.339676,2018-04-24 00:23:43.000,1.8365734,1001,2018-04-24 00:08:28.000,63.62,2018-04-24,00:08:28,2018-04-24,0 days 00:15:15.072000000,15.2512,0,0,Walking,15
10,986.878,913248,2018-04-24 00:24:51.434,2018-04-24 00:24:51.434,UTC-0300,1.1084015,2018-04-24 00:23:51.330,1.4722222,1001,2018-04-24 00:08:38.082,59.21,2018-04-24,00:08:38.082000,2018-04-24,0 days 00:15:13.248000000,15.2208,0,0,Walking,15
306,2508.069,2298769,2018-04-24 11:40:05.255,2018-04-24 11:40:05.255,UTC-0300,1.1273139,2018-04-24 11:39:04.638,1.5833334,1001,2018-04-24 11:00:45.869,161.1,2018-04-24,11:00:45.869000,2018-04-24,0 days 00:38:18.769000000,38.31281666666667,11,11,Walking,38
217,2141.81,1550970,2018-04-27 12:56:31.780,2018-04-27 12:56:31.780,UTC-0300,1.3809486999999998,2018-04-27 12:53:50.000,1.6111112,1001,2018-04-27 12:28:00.000,111.21,2018-04-27,12:28:00,2018-04-27,0 days 00:25:50.970000000,25.8495,12,12,Walking,25
180,2726.97,2053573,2018-04-27 11:58:35.311,2018-04-27 11:58:35.311,UTC-0300,1.3279147,2018-04-27 11:53:31.000,2.2777777,1001,2018-04-27 11:19:18.000,144.52,2018-04-27,11:19:18,2018-04-27,0 days 00:34:13.573000000,34.22621666666667,11,11,Walking,34
389,2331.137,2062666,2018-04-27 11:54:43.562,2018-04-27 11:54:43.562,UTC-0300,1.1911435,2018-04-27 11:53:41.629,1.5833334,1001,2018-04-27 11:19:18.963,140.76,2018-04-27,11:19:18.963000,2018-04-27,0 days 00:34:22.666000000,34.377766666666666,11,11,Walking,34
442,2184.625,1886135,2018-04-27 12:54:49.746,2018-04-27 12:54:49.746,UTC-0300,1.1855159,2018-04-27 12:53:47.804,1.4722222,1001,2018-04-27 12:22:21.669,130.44,2018-04-27,12:22:21.669000,2018-04-27,0 days 00:31:26.135000000,31.435583333333337,12,12,Walking,31
179,912.45,983381,2018-05-04 12:13:01.443,2018-05-04 12:13:01.443,UTC-0300,1.2588723,2018-05-04 12:12:00.302,1.9166666,1001,2018-05-04 11:55:36.921,53.07,2018-05-04,11:55:36.921000,2018-05-04,0 days 00:16:23.381000000,16.389683333333334,11,12,Walking,16
51,1018.516,917478,2018-05-05 20:47:42.365,2018-05-05 20:47:42.365,UTC-0300,1.3320335,2018-05-05 20:46:41.730,1.5277778,1001,2018-05-05 20:31:24.252,60.91,2018-05-05,20:31:24.252000,2018-05-05,0 days 00:15:17.478000000,15.291300000000001,20,20,Walking,15
378,1144.559,1147690,2018-05-06 14:12:54.361,2018-05-06 14:12:54.361,UTC-0300,1.1091198999999998,2018-05-06 14:11:52.911,1.6666666,1001,2018-05-06 13:52:45.221,70.01,2018-05-06,13:52:45.221000,2018-05-06,0 days 00:19:07.690000000,19.12816666666667,13,14,Walking,19
285,1485.91,1263834,2018-05-06 16:25:35.206,2018-05-06 16:25:35.206,UTC-0300,1.175716,2018-05-06 16:24:03.000,1.9444444,1001,2018-05-06 16:03:00.000,81.23,2018-05-06,16:03:00,2018-05-06,0 days 00:21:03.834000000,21.0639,16,16,Walking,21
269,1371.29,1438446,2018-05-06 13:23:43.343,2018-05-06 13:23:43.343,UTC-0300,1.0655556000000002,2018-05-06 13:22:42.505,1.4166666,1001,2018-05-06 12:58:44.059,83.17,2018-05-06,12:58:44.059000,2018-05-06,0 days 00:23:58.446000000,23.974100000000004,12,13,Walking,23
233,1395.167,1117377,2018-05-06 16:21:01.490,2018-05-06 16:21:01.490,UTC-0300,1.4123343000000002,2018-05-06 16:20:00.258,1.6388888,1001,2018-05-06 16:01:22.881,78.39,2018-05-06,16:01:22.881000,2018-05-06,0 days 00:18:37.377000000,18.622950000000003,16,16,Walking,18
227,1241.743,1204026,2018-05-06 23:13:38.411,2018-05-06 23:13:38.411,UTC-0300,1.1639661,2018-05-06 23:12:37.648,1.492955,1001,2018-05-06 22:52:33.622,72.52,2018-05-06,22:52:33.622000,2018-05-06,0 days 00:20:04.026000000,20.0671,22,23,Walking,20
146,1667.484,1070257,2018-05-07 22:51:06.401,2018-05-07 22:51:06.401,UTC-0300,1.7403951000000002,2018-05-07 22:50:05.034,2.5,1001,2018-05-07 22:32:14.777,103.6,2018-05-07,22:32:14.777000,2018-05-07,0 days 00:17:50.257000000,17.83761666666667,22,22,Walking,17
133,1122.031,1207353,2018-05-08 20:55:13.264,2018-05-08 20:55:13.264,UTC-0300,1.2926024,2018-05-08 20:54:13.597,1.7222221999999998,1001,2018-05-08 20:34:06.244,67.67,2018-05-08,20:34:06.244000,2018-05-08,0 days 00:20:07.353000000,20.12255,20,20,Walking,20
483,1291.01,1021052,2018-05-15 23:56:00.624,2018-05-15 23:56:00.624,UTC-0300,1.2643919,2018-05-15 23:48:29.000,1.5555556,1001,2018-05-15 23:31:28.000,85.78,2018-05-15,23:31:28,2018-05-15,0 days 00:17:01.052000000,17.017533333333333,23,23,Walking,17
27,1182.851,1125590,2018-05-15 23:51:40.562,2018-05-15 23:51:40.562,UTC-0300,1.2906489,2018-05-15 23:50:39.144,1.7222221999999998,1001,2018-05-15 23:31:53.554,76.64,2018-05-15,23:31:53.554000,2018-05-15,0 days 00:18:45.590000000,18.759833333333336,23,23,Walking,18
474,1114.4,1074113,2018-05-16 22:55:02.186,2018-05-16 22:55:02.186,UTC-0300,1.3710392,2018-05-16 22:54:01.058,1.609347,1001,2018-05-16 22:36:06.945,76.59,2018-05-16,22:36:06.945000,2018-05-16,0 days 00:17:54.113000000,17.901883333333334,22,22,Walking,17
118,1691.33,1369892,2018-05-18 11:59:33.405,2018-05-18 11:59:33.405,UTC-0300,1.3344908000000002,2018-05-18 11:58:33.460,1.5277778,1001,2018-05-18 11:35:43.568,96.2,2018-05-18,11:35:43.568000,2018-05-18,0 days 00:22:49.892000000,22.831533333333333,11,11,Walking,22
185,1687.553,1401189,2018-05-18 12:44:18.910,2018-05-18 12:44:18.910,UTC-0300,1.2814324,2018-05-18 12:43:18.376,1.6111112,1001,2018-05-18 12:19:57.187,98.99,2018-05-18,12:19:57.187000,2018-05-18,0 days 00:23:21.189000000,23.353150000000003,12,12,Walking,23
37,1507.61,1276881,2018-05-20 03:18:49.846,2018-05-20 03:18:49.846,UTC-0300,1.3221763000000002,2018-05-20 03:17:48.015,1.6666666,1001,2018-05-20 02:56:31.134,85.98,2018-05-20,02:56:31.134000,2018-05-20,0 days 00:21:16.881000000,21.28135,2,3,Walking,21
434,1566.83,1583077,2018-05-20 00:34:03.629,2018-05-20 00:34:03.629,UTC-0300,1.140321,2018-05-20 00:33:01.322,1.4166666,1001,2018-05-20 00:06:38.245,92.61,2018-05-20,00:06:38.245000,2018-05-20,0 days 00:26:23.077000000,26.384616666666666,0,0,Walking,26
219,1720.54,1297986,2018-05-20 03:20:01.578,2018-05-20 03:20:01.578,UTC-0300,1.3255458,2018-05-20 03:18:02.000,2.2500002,1001,2018-05-20 02:56:25.000,89.07,2018-05-20,02:56:25,2018-05-20,0 days 00:21:37.986000000,21.633100000000002,2,3,Walking,21
395,1170.82,1008115,2018-05-26 00:20:19.040,2018-05-26 00:20:19.040,UTC-0300,1.360786,2018-05-26 00:19:18.431,1.7545315,1001,2018-05-26 00:02:30.316,66.16,2018-05-26,00:02:30.316000,2018-05-26,0 days 00:16:48.115000000,16.801916666666667,0,0,Walking,16
444,1838.989,1464982,2018-05-26 11:29:33.453,2018-05-26 11:29:33.453,UTC-0300,1.3451968,2018-05-26 11:28:33.422,1.5277778,1001,2018-05-26 11:04:08.440,104.14,2018-05-26,11:04:08.440000,2018-05-26,0 days 00:24:24.982000000,24.41636666666667,11,11,Walking,24
377,1749.12,1472236,2018-05-26 12:43:37.440,2018-05-26 12:43:37.440,UTC-0300,1.3048729,2018-05-26 12:42:37.492,1.6111112,1001,2018-05-26 12:18:05.256,100.59,2018-05-26,12:18:05.256000,2018-05-26,0 days 00:24:32.236000000,24.537266666666667,12,12,Walking,24
304,992.737,989459,2018-05-28 23:35:37.247,2018-05-28 23:35:37.247,UTC-0300,1.2163001,2018-05-28 23:34:37.780,1.6666666,1001,2018-05-28 23:18:08.321,57.63,2018-05-28,23:18:08.321000,2018-05-28,0 days 00:16:29.459000000,16.490983333333336,23,23,Walking,16
166,802.06,923120,2018-05-30 18:04:38.440,2018-05-30 18:04:38.440,UTC-0300,1.1878258999999998,2018-05-30 18:03:37.506,1.4444444,1001,2018-05-30 17:48:14.386,47.08,2018-05-30,17:48:14.386000,2018-05-30,0 days 00:15:23.120000000,15.385333333333334,17,18,Walking,15
200,1102.34,924882,2018-05-30 18:10:07.028,2018-05-30 18:10:07.028,UTC-0300,1.191871,2018-05-30 18:03:29.000,2.0833333,1001,2018-05-30 17:48:05.000,57.2,2018-05-30,17:48:05,2018-05-30,0 days 00:15:24.882000000,15.414700000000002,17,18,Walking,15
432,1839.34,1371311,2018-06-04 00:01:04.434,2018-06-04 00:01:04.434,UTC-0300,1.5531334,2018-06-04 00:00:03.782,1.8055556,1001,2018-06-03 23:37:12.471,99.93,2018-06-03,23:37:12.471000,2018-06-04,0 days 00:22:51.311000000,22.855183333333336,23,0,Walking,22
469,1851.43,1383697,2018-06-04 00:15:00.455,2018-06-04 00:15:00.455,UTC-0300,1.3380313999999998,2018-06-04 00:00:08.000,1.5555556,1001,2018-06-03 23:37:05.000,95.89,2018-06-03,23:37:05,2018-06-04,0 days 00:23:03.697000000,23.06161666666667,23,0,Walking,23
497,1303.94,977531,2018-06-05 00:30:47.462,2018-06-05 00:30:47.462,UTC-0300,1.3339117,2018-06-04 22:47:18.000,1.8333334,1001,2018-06-04 22:31:01.000,86.31,2018-06-04,22:31:01,2018-06-04,0 days 00:16:17.531000000,16.292183333333334,22,22,Walking,16
414,1425.729,1285729,2018-06-04 00:58:48.382,2018-06-04 00:58:48.382,UTC-0300,1.4064707,2018-06-04 00:57:47.344,1.6699193,1001,2018-06-04 00:36:21.615,79.65,2018-06-04,00:36:21.615000,2018-06-04,0 days 00:21:25.729000000,21.428816666666666,0,0,Walking,21
33,1340.8529999999996,970912,2018-06-04 22:48:34.365,2018-06-04 22:48:34.365,UTC-0300,1.4371181999999998,2018-06-04 22:47:35.070,1.5833334,1001,2018-06-04 22:31:24.158,73.88,2018-06-04,22:31:24.158000,2018-06-04,0 days 00:16:10.912000000,16.181866666666668,22,22,Walking,16
12,1337.49,980930,2018-06-07 23:57:56.354,2018-06-07 23:57:56.354,UTC-0300,1.3634918,2018-06-07 23:55:28.000,2.2222223,1001,2018-06-07 23:39:08.000,70.18,2018-06-07,23:39:08,2018-06-07,0 days 00:16:20.930000000,16.348833333333335,23,23,Walking,16
38,1188.01,910332,2018-06-07 23:27:17.726,2018-06-07 23:27:17.726,UTC-0300,1.3050294,2018-06-07 23:18:10.000,3.0,1001,2018-06-07 23:03:00.000,69.59000400000001,2018-06-07,23:03:00,2018-06-07,0 days 00:15:10.332000000,15.172200000000002,23,23,Walking,15
203,1067.41,939834,2018-06-07 23:56:22.393,2018-06-07 23:56:22.393,UTC-0300,1.1617647,2018-06-07 23:55:21.706,1.2777778,1001,2018-06-07 23:39:41.872,61.62,2018-06-07,23:39:41.872000,2018-06-07,0 days 00:15:39.834000000,15.663900000000002,23,23,Walking,15
127,1636.805,1911591,2018-06-09 13:36:16.366,2018-06-09 13:36:16.366,UTC-0300,1.3708919,2018-06-09 13:35:15.584,1.6944444,1001,2018-06-09 13:03:23.993,127.67,2018-06-09,13:03:23.993000,2018-06-09,0 days 00:31:51.591000000,31.85985,13,13,Walking,31
467,1567.97,1232274,2018-06-09 15:17:21.375,2018-06-09 15:17:21.375,UTC-0300,1.3123426,2018-06-09 15:16:20.741,1.5,1001,2018-06-09 14:55:48.467,89.5,2018-06-09,14:55:48.467000,2018-06-09,0 days 00:20:32.274000000,20.5379,14,15,Walking,20
321,1005.648,902215,2018-06-09 14:10:05.445,2018-06-09 14:10:05.445,UTC-0300,1.1830155,2018-06-09 14:09:04.246,1.5,1001,2018-06-09 13:54:02.031,58.47,2018-06-09,13:54:02.031000,2018-06-09,0 days 00:15:02.215000000,15.036916666666666,13,14,Walking,15
243,1105.0701,914414,2018-06-13 23:14:59.953,2018-06-13 23:14:59.953,UTC-0300,1.2085007,2018-06-13 22:35:14.000,3.0,1001,2018-06-13 22:20:00.000,67.73,2018-06-13,22:20:00,2018-06-13,0 days 00:15:14.414000000,15.240233333333334,22,22,Walking,15
1,1511.088,1412519,2018-06-15 23:45:03.370,2018-06-15 23:45:03.370,UTC-0300,1.2038605,2018-06-15 23:44:02.630,1.9652373,1001,2018-06-15 23:20:30.111,88.8,2018-06-15,23:20:30.111000,2018-06-15,0 days 00:23:32.519000000,23.541983333333334,23,23,Walking,23
109,1471.69,1210244,2018-06-15 23:46:19.566,2018-06-15 23:46:19.566,UTC-0300,1.2160274,2018-06-15 23:44:10.000,2.7777777,1001,2018-06-15 23:24:00.000,81.3,2018-06-15,23:24:00,2018-06-15,0 days 00:20:10.244000000,20.170733333333335,23,23,Walking,20
260,1364.4501,1008185,2018-06-16 23:07:07.660,2018-06-16 23:07:07.660,UTC-0300,1.3533727,2018-06-16 23:03:06.000,2.0277777,1001,2018-06-16 22:46:18.000,76.13,2018-06-16,22:46:18,2018-06-16,0 days 00:16:48.185000000,16.803083333333333,22,23,Walking,16
398,2638.09,2006185,2018-06-17 21:45:22.666,2018-06-17 21:45:22.666,UTC-0300,1.3149785,2018-06-17 21:41:26.000,1.8333334,1001,2018-06-17 21:08:00.000,139.34,2018-06-17,21:08:00,2018-06-17,0 days 00:33:26.185000000,33.436416666666666,21,21,Walking,33
48,1131.1,910747,2018-06-17 10:21:24.530,2018-06-17 10:21:24.530,UTC-0300,1.2419475,2018-06-17 02:18:10.000,1.9722222,1001,2018-06-17 02:03:00.000,58.57,2018-06-17,02:03:00,2018-06-17,0 days 00:15:10.747000000,15.179116666666667,2,2,Walking,15
328,3107.9,2338888,2018-06-17 23:04:32.066,2018-06-17 23:04:32.066,UTC-0300,1.328794,2018-06-17 22:53:23.000,1.8888888,1001,2018-06-17 22:14:25.000,161.0,2018-06-17,22:14:25,2018-06-17,0 days 00:38:58.888000000,38.98146666666666,22,22,Walking,38
315,2176.33,2183115,2018-06-17 21:42:29.498,2018-06-17 21:42:29.498,UTC-0300,1.168919,2018-06-17 21:41:28.380,1.4444444,1001,2018-06-17 21:05:05.265,129.12,2018-06-17,21:05:05.265000,2018-06-17,0 days 00:36:23.115000000,36.385250000000006,21,21,Walking,36
289,2310.59,2164879,2018-06-17 22:51:31.642,2018-06-17 22:51:31.642,UTC-0300,1.1940988,2018-06-17 22:50:30.747,1.5277778,1001,2018-06-17 22:14:25.868,136.4,2018-06-17,22:14:25.868000,2018-06-17,0 days 00:36:04.879000000,36.08131666666667,22,22,Walking,36
172,1758.895,1817466,2018-06-17 01:48:20.444,2018-06-17 01:48:20.444,UTC-0300,1.0698693,2018-06-17 01:47:19.171,1.3888888,1001,2018-06-17 01:17:01.705,107.11,2018-06-17,01:17:01.705000,2018-06-17,0 days 00:30:17.466000000,30.291100000000004,1,1,Walking,30
198,1027.06,1043853,2018-06-17 22:14:03.475,2018-06-17 22:14:03.475,UTC-0300,1.1874573999999998,2018-06-17 22:13:02.230,1.7777778000000002,1001,2018-06-17 21:55:38.377,60.85,2018-06-17,21:55:38.377000,2018-06-17,0 days 00:17:23.853000000,17.397550000000003,21,22,Walking,17
171,1860.778,1492628,2018-06-18 12:22:59.404,2018-06-18 12:22:59.404,UTC-0300,1.4627177,2018-06-18 12:21:58.635,1.8055556,1001,2018-06-18 11:57:06.007,103.41,2018-06-18,11:57:06.007000,2018-06-18,0 days 00:24:52.628000000,24.877133333333337,11,12,Walking,24
242,1759.31,1266955,2018-06-18 13:15:45.414,2018-06-18 13:15:45.414,UTC-0300,1.3886128999999998,2018-06-18 12:19:06.000,1.8611112,1001,2018-06-18 11:58:00.000,101.74,2018-06-18,11:58:00,2018-06-18,0 days 00:21:06.955000000,21.11591666666667,11,12,Walking,21
403,1261.91,951098,2018-06-19 23:42:47.569,2018-06-19 23:42:47.569,UTC-0300,1.3267928,2018-06-19 22:46:21.000,1.860119,1001,2018-06-19 22:30:30.000,85.28,2018-06-19,22:30:30,2018-06-19,0 days 00:15:51.098000000,15.851633333333334,22,22,Walking,15
286,1256.569,1126099,2018-06-19 22:50:19.406,2018-06-19 22:50:19.406,UTC-0300,1.4601289,2018-06-19 22:49:18.829,1.6944444,1001,2018-06-19 22:30:32.730,86.77,2018-06-19,22:30:32.730000,2018-06-19,0 days 00:18:46.099000000,18.76831666666667,22,22,Walking,18
273,1277.6,925185,2018-06-19 12:11:30.110,2018-06-19 12:11:30.110,UTC-0300,1.3809129,2018-06-19 11:36:02.000,4.7222222999999985,1001,2018-06-19 11:20:37.000,75.06,2018-06-19,11:20:37,2018-06-19,0 days 00:15:25.185000000,15.41975,11,11,Walking,15
376,994.78,938919,2018-06-20 11:06:17.400,2018-06-20 11:06:17.400,UTC-0300,1.2565763,2018-06-20 11:05:16.411,1.5555556,1001,2018-06-20 10:49:37.492,57.35,2018-06-20,10:49:37.492000,2018-06-20,0 days 00:15:38.919000000,15.648650000000002,10,11,Walking,15
299,1781.02,1787308,2018-06-22 17:33:59.470,2018-06-22 17:33:59.470,UTC-0300,1.185722,2018-06-22 17:32:59.075,1.5833334,1001,2018-06-22 17:03:11.767,118.62,2018-06-22,17:03:11.767000,2018-06-22,0 days 00:29:47.308000000,29.78846666666667,17,17,Walking,29
63,1573.39,1351681,2018-06-22 17:40:13.997,2018-06-22 17:40:13.997,UTC-0300,1.1640247,2018-06-22 17:32:31.000,1.8055556,1001,2018-06-22 17:10:00.000,101.85,2018-06-22,17:10:00,2018-06-22,0 days 00:22:31.681000000,22.528016666666666,17,17,Walking,22
710,1095.132,1005527,2018-06-25 23:15:47.231,2018-06-25 23:15:47.231,UTC-0300,1.3785996,2018-06-25 23:14:47.270,1.6111112,1001,2018-06-25 22:58:01.743,64.86,2018-06-25,22:58:01.743000,2018-06-25,0 days 00:16:45.527000000,16.758783333333334,22,23,Walking,16
812,1509.18,1057448,2018-06-26 20:43:16.432,2018-06-26 20:43:16.432,UTC-0300,1.6534429,2018-06-26 20:42:16.576,2.9722223,1001,2018-06-26 20:24:39.128,89.36,2018-06-26,20:24:39.128000,2018-06-26,0 days 00:17:37.448000000,17.624133333333337,20,20,Walking,17
501,2158.93,1581583,2018-06-26 21:00:34.396,2018-06-26 21:00:34.396,UTC-0300,1.3650436,2018-06-26 20:51:21.000,4.25,1001,2018-06-26 20:25:00.000,118.18,2018-06-26,20:25:00,2018-06-26,0 days 00:26:21.583000000,26.359716666666667,20,20,Walking,26
952,1013.73,929526,2018-06-27 20:45:47.409,2018-06-27 20:45:47.409,UTC-0300,1.4454093,2018-06-27 20:44:46.300,1.5555556,1001,2018-06-27 20:29:16.774,58.08,2018-06-27,20:29:16.774000,2018-06-27,0 days 00:15:29.526000000,15.4921,20,20,Walking,15
864,908.519,914823,2018-06-30 01:59:47.387,2018-06-30 01:59:47.387,UTC-0300,1.2451729,2018-06-30 01:58:47.514,1.4741542,1001,2018-06-30 01:43:32.691,52.73,2018-06-30,01:43:32.691000,2018-06-30,0 days 00:15:14.823000000,15.247050000000002,1,1,Walking,15
973,1013.24,907362,2018-07-04 00:40:52.457,2018-07-04 00:40:52.457,UTC-0300,1.3333334,2018-07-04 00:39:52.167,1.6111112,1001,2018-07-04 00:24:44.805,59.6,2018-07-04,00:24:44.805000,2018-07-04,0 days 00:15:07.362000000,15.122700000000002,0,0,Walking,15
883,1057.588,960860,2018-07-11 00:42:09.391,2018-07-11 00:42:09.391,UTC-0300,1.384416,2018-07-11 00:41:08.071,2.0555556,1001,2018-07-11 00:25:07.211,68.08,2018-07-11,00:25:07.211000,2018-07-11,0 days 00:16:00.860000000,16.014333333333333,0,0,Walking,16
926,1270.92,1087229,2018-07-13 00:18:23.714,2018-07-13 00:18:23.714,UTC-0300,1.1689533,2018-07-12 22:23:07.000,2.0555556,1001,2018-07-12 22:05:00.000,66.25,2018-07-12,22:05:00,2018-07-12,0 days 00:18:07.229000000,18.120483333333333,22,22,Walking,18
795,1133.8,914146,2018-07-19 02:17:49.536,2018-07-19 02:17:49.536,UTC-0300,1.2402833,2018-07-19 00:48:15.000,2.5,1001,2018-07-19 00:33:01.000,65.83,2018-07-19,00:33:01,2018-07-19,0 days 00:15:14.146000000,15.235766666666668,0,0,Walking,15
878,1034.61,1002449,2018-07-26 00:23:23.435,2018-07-26 00:23:23.435,UTC-0300,1.2283951000000002,2018-07-26 00:22:23.549,1.5277778,1001,2018-07-26 00:05:41.100,61.79,2018-07-26,00:05:41.100000,2018-07-26,0 days 00:16:42.449000000,16.707483333333336,0,0,Walking,16
531,1384.44,1077841,2018-07-26 00:29:42.271,2018-07-26 00:29:42.271,UTC-0300,1.2844566000000002,2018-07-26 00:24:19.000,3.3888888,1001,2018-07-26 00:06:22.000,79.18,2018-07-26,00:06:22,2018-07-26,0 days 00:17:57.841000000,17.96401666666667,0,0,Walking,17
737,1697.443,2066834,2018-07-27 02:20:59.401,2018-07-27 02:20:59.401,UTC-0300,1.1012621,2018-07-27 02:19:59.517,1.5555556,1001,2018-07-27 01:45:32.683,132.61,2018-07-27,01:45:32.683000,2018-07-27,0 days 00:34:26.834000000,34.44723333333334,1,2,Walking,34
775,1854.352,1731295,2018-07-27 01:38:31.421,2018-07-27 01:38:31.421,UTC-0300,1.1368092,2018-07-27 01:37:31.445,1.3055556,1001,2018-07-27 01:08:40.150,110.76,2018-07-27,01:08:40.150000,2018-07-27,0 days 00:28:51.295000000,28.854916666666668,1,1,Walking,28
948,1163.75,1084245,2018-07-31 00:49:30.039,2018-07-31 00:49:30.039,UTC-0300,1.0733275,2018-07-31 00:42:04.000,2.0555556,1001,2018-07-31 00:24:00.000,66.5,2018-07-31,00:24:00,2018-07-31,0 days 00:18:04.245000000,18.07075,0,0,Walking,18
729,1261.89,965582,2018-08-01 19:30:33.640,2018-08-01 19:30:33.640,UTC-0300,1.3068699,2018-08-01 19:29:05.000,2.1666667,1001,2018-08-01 19:13:00.000,66.81,2018-08-01,19:13:00,2018-08-01,0 days 00:16:05.582000000,16.093033333333334,19,19,Walking,16
937,805.44,929849,2018-08-02 22:47:24.758,2018-08-02 22:47:24.758,UTC-0300,1.2554373,2018-08-02 22:46:24.388,1.4166666,1001,2018-08-02 22:30:54.539,63.38,2018-08-02,22:30:54.539000,2018-08-02,0 days 00:15:29.849000000,15.497483333333333,22,22,Walking,15
917,1135.61,901497,2018-08-09 00:21:51.422,2018-08-09 00:21:51.422,UTC-0300,1.4392362,2018-08-09 00:20:50.180,1.6111112,1001,2018-08-09 00:05:48.683,65.71,2018-08-09,00:05:48.683000,2018-08-09,0 days 00:15:01.497000000,15.02495,0,0,Walking,15
612,1189.52,900470,2018-08-09 22:47:49.912,2018-08-09 22:47:49.912,UTC-0300,1.320999,2018-08-09 22:46:00.000,1.8055556,1001,2018-08-09 22:31:00.000,67.78,2018-08-09,22:31:00,2018-08-09,0 days 00:15:00.470000000,15.007833333333334,22,22,Walking,15
805,948.93,966307,2018-08-14 00:10:59.417,2018-08-14 00:10:59.417,UTC-0300,1.3035842,2018-08-14 00:09:59.032,1.6598814999999998,1001,2018-08-13 23:53:52.725,55.87,2018-08-13,23:53:52.725000,2018-08-14,0 days 00:16:06.307000000,16.105116666666667,23,0,Walking,16
606,1483.339,1387035,2018-08-19 19:43:40.406,2018-08-19 19:43:40.406,UTC+0300,1.1552737,2018-08-19 19:42:39.909,1.4166666,1001,2018-08-19 19:19:32.874,90.91,2018-08-19,19:19:32.874000,2018-08-19,0 days 00:23:07.035000000,23.117250000000002,19,19,Walking,23
728,1193.27,1019257,2018-08-21 13:19:31.398,2018-08-21 13:19:31.398,UTC+0300,1.2783786,2018-08-21 13:18:31.007,1.4166666,1001,2018-08-21 13:01:31.750,68.28,2018-08-21,13:01:31.750000,2018-08-21,0 days 00:16:59.257000000,16.987616666666668,13,13,Walking,16
659,1855.79,1522059,2018-08-21 10:49:08.536,2018-08-21 10:49:08.536,UTC+0300,1.2192628,2018-08-21 10:47:22.000,1.8055556,1001,2018-08-21 10:22:00.000,99.42,2018-08-21,10:22:00,2018-08-21,0 days 00:25:22.059000000,25.367650000000005,10,10,Walking,25
658,1149.761,1069291,2018-08-21 12:40:16.389,2018-08-21 12:40:16.389,UTC+0300,1.2633393,2018-08-21 12:39:15.492,1.8333334,1001,2018-08-21 12:21:26.201,66.54,2018-08-21,12:21:26.201000,2018-08-21,0 days 00:17:49.291000000,17.82151666666667,12,12,Walking,17
998,772.59,941360,2018-08-23 16:52:32.450,2018-08-23 16:52:32.450,UTC+0300,1.1727428,2018-08-23 16:51:31.791,1.8611112,1001,2018-08-23 16:35:50.431,67.54,2018-08-23,16:35:50.431000,2018-08-23,0 days 00:15:41.360000000,15.689333333333334,16,16,Walking,15
780,1527.39,1388378,2018-08-23 09:44:08.079,2018-08-23 09:44:08.079,UTC+0300,1.1001253999999998,2018-08-23 09:40:08.000,3.0833333,1001,2018-08-23 09:17:00.000,91.17,2018-08-23,09:17:00,2018-08-23,0 days 00:23:08.378000000,23.139633333333336,9,9,Walking,23
848,950.11,972282,2018-08-24 17:45:48.393,2018-08-24 17:45:48.393,UTC+0300,1.2803102,2018-08-24 17:44:47.682,1.5833334,1001,2018-08-24 17:28:35.400,54.78,2018-08-24,17:28:35.400000,2018-08-24,0 days 00:16:12.282000000,16.2047,17,17,Walking,16
679,1200.56,1150440,2018-08-24 19:40:23.385,2018-08-24 19:40:23.385,UTC+0300,1.3049568,2018-08-24 19:39:22.414,1.6388888,1001,2018-08-24 19:20:11.974,68.65,2018-08-24,19:20:11.974000,2018-08-24,0 days 00:19:10.440000000,19.174,19,19,Walking,19
634,1205.27,1066857,2018-08-25 22:16:01.180,2018-08-25 22:16:01.180,UTC+0300,1.129739,2018-08-25 21:21:46.000,2.3333333,1001,2018-08-25 21:04:00.000,75.46999,2018-08-25,21:04:00,2018-08-25,0 days 00:17:46.857000000,17.78095,21,21,Walking,17
767,1554.12,1300526,2018-08-25 06:41:32.222,2018-08-25 06:41:32.222,UTC+0300,1.5071973,2018-08-25 06:40:32.007,1.7222221999999998,1001,2018-08-25 06:18:51.481,89.07,2018-08-25,06:18:51.481000,2018-08-25,0 days 00:21:40.526000000,21.675433333333334,6,6,Walking,21
722,1069.751,1014084,2018-08-25 18:16:37.368,2018-08-25 18:16:37.368,UTC+0300,1.2103208,2018-08-25 18:15:36.468,1.5555556,1001,2018-08-25 17:58:42.384,61.99,2018-08-25,17:58:42.384000,2018-08-25,0 days 00:16:54.084000000,16.901400000000002,17,18,Walking,16
730,945.041,928163,2018-08-26 14:38:39.431,2018-08-26 14:38:39.431,UTC+0300,1.216757,2018-08-26 14:37:38.455,1.5,1001,2018-08-26 14:22:10.292,58.82,2018-08-26,14:22:10.292000,2018-08-26,0 days 00:15:28.163000000,15.469383333333333,14,14,Walking,15
504,1874.32,1770846,2018-08-26 10:44:02.407,2018-08-26 10:44:02.407,UTC+0300,1.2134805,2018-08-26 10:43:01.940,1.4444444,1001,2018-08-26 10:13:31.094,109.61,2018-08-26,10:13:31.094000,2018-08-26,0 days 00:29:30.846000000,29.5141,10,10,Walking,29
615,2222.2,1800577,2018-08-26 10:48:16.779,2018-08-26 10:48:16.779,UTC+0300,1.2341598,2018-08-26 10:43:00.000,1.7777778000000002,1001,2018-08-26 10:13:00.000,120.369995,2018-08-26,10:13:00,2018-08-26,0 days 00:30:00.577000000,30.00961666666667,10,10,Walking,30
881,1796.833,1611477,2018-08-27 08:52:33.385,2018-08-27 08:52:33.385,UTC+0300,1.2384921,2018-08-27 08:51:32.349,1.6111112,1001,2018-08-27 08:24:40.872,103.57,2018-08-27,08:24:40.872000,2018-08-27,0 days 00:26:51.477000000,26.857950000000002,8,8,Walking,26
950,963.892,1077155,2018-08-27 11:47:05.396,2018-08-27 11:47:05.396,UTC+0300,1.222361,2018-08-27 11:46:04.810,1.5555556,1001,2018-08-27 11:28:07.655,56.4,2018-08-27,11:28:07.655000,2018-08-27,0 days 00:17:57.155000000,17.952583333333333,11,11,Walking,17
874,1363.44,1149042,2018-08-27 20:42:47.877,2018-08-27 20:42:47.877,UTC+0300,1.1865883999999998,2018-08-27 20:38:09.000,1.7777778000000002,1001,2018-08-27 20:19:00.000,74.0,2018-08-27,20:19:00,2018-08-27,0 days 00:19:09.042000000,19.150700000000004,20,20,Walking,19
562,1309.147,1373850,2018-08-27 19:15:18.247,2018-08-27 19:15:18.247,UTC+0300,1.1568666,2018-08-27 19:14:17.799,1.4444444,1001,2018-08-27 18:51:23.949,77.77,2018-08-27,18:51:23.949000,2018-08-27,0 days 00:22:53.850000000,22.8975,18,19,Walking,22
985,1019.961,903801,2018-08-27 13:44:45.361,2018-08-27 13:44:45.361,UTC+0300,1.3228571000000002,2018-08-27 13:43:45.144,1.9166666,1001,2018-08-27 13:28:41.343,58.76,2018-08-27,13:28:41.343000,2018-08-27,0 days 00:15:03.801000000,15.063350000000002,13,13,Walking,15
887,1248.78,1224357,2018-08-27 20:38:01.351,2018-08-27 20:38:01.351,UTC+0300,1.1121116000000002,2018-08-27 20:37:00.997,1.5277778,1001,2018-08-27 20:16:36.640,75.49,2018-08-27,20:16:36.640000,2018-08-27,0 days 00:20:24.357000000,20.40595,20,20,Walking,20
624,1204.36,973707,2018-08-28 20:55:00.953,2018-08-28 20:55:00.953,UTC-0300,1.2368813,2018-08-28 20:18:22.000,2.3333333,1001,2018-08-28 20:02:09.000,68.58,2018-08-28,20:02:09,2018-08-28,0 days 00:16:13.707000000,16.228450000000002,20,20,Walking,16
763,1284.27,1037332,2018-08-30 00:44:46.052,2018-08-30 00:44:46.052,UTC-0300,1.238051,2018-08-29 23:22:24.000,2.0098138,1001,2018-08-29 23:05:07.000,71.72,2018-08-29,23:05:07,2018-08-29,0 days 00:17:17.332000000,17.288866666666667,23,23,Walking,17
866,1173.58,1128711,2018-08-29 23:25:50.436,2018-08-29 23:25:50.436,UTC-0300,1.276579,2018-08-29 23:24:50.111,1.9722222,1001,2018-08-29 23:06:01.400,69.18,2018-08-29,23:06:01.400000,2018-08-29,0 days 00:18:48.711000000,18.81185,23,23,Walking,18
744,3105.39,2356480,2018-09-01 01:16:08.177,2018-09-01 01:16:08.177,UTC-0300,1.3178087,2018-09-01 01:14:16.000,1.8333334,1001,2018-09-01 00:35:00.000,162.19,2018-09-01,00:35:00,2018-09-01,0 days 00:39:16.480000000,39.27466666666667,0,1,Walking,39
665,2264.4770000000008,2420955,2018-09-01 01:15:26.343,2018-09-01 01:15:26.343,UTC-0300,1.2278771000000002,2018-09-01 01:14:25.936,1.5555556,1001,2018-09-01 00:34:04.981,163.92,2018-09-01,00:34:04.981000,2018-09-01,0 days 00:40:20.955000000,40.34925,0,1,Walking,40
552,1224.2,1257775,2018-09-03 19:52:56.440,2018-09-03 19:52:56.440,UTC-0300,1.0725405,2018-09-03 19:51:55.937,1.4722222,1001,2018-09-03 19:30:58.162,74.84,2018-09-03,19:30:58.162000,2018-09-03,0 days 00:20:57.775000000,20.96291666666667,19,19,Walking,20
668,1040.56,918139,2018-09-07 01:41:20.430,2018-09-07 01:41:20.430,UTC-0300,1.1875,2018-09-07 01:40:18.320,1.5555556,1001,2018-09-07 01:25:00.181,62.78,2018-09-07,01:25:00.181000,2018-09-07,0 days 00:15:18.139000000,15.302316666666666,1,1,Walking,15
964,1298.92,1082745,2018-09-07 11:21:34.778,2018-09-07 11:21:34.778,UTC-0300,1.1996546,2018-09-07 01:43:02.000,2.3611112000000003,1001,2018-09-07 01:25:00.000,72.4,2018-09-07,01:25:00,2018-09-07,0 days 00:18:02.745000000,18.04575,1,1,Walking,18
523,1720.29,1473004,2018-09-13 00:25:21.416,2018-09-13 00:25:21.416,UTC-0300,1.2437892,2018-09-13 00:24:21.018,1.4444444,1001,2018-09-12 23:59:48.014,100.11,2018-09-12,23:59:48.014000,2018-09-13,0 days 00:24:33.004000000,24.55006666666667,23,0,Walking,24
896,1908.34,1453330,2018-09-13 00:36:11.328,2018-09-13 00:36:11.328,UTC-0300,1.313081,2018-09-13 00:24:13.000,1.6111112,1001,2018-09-13 00:00:00.000,100.34,2018-09-13,00:00:00,2018-09-13,0 days 00:24:13.330000000,24.22216666666667,0,0,Walking,24
590,1265.67,1113556,2018-09-14 00:35:00.586,2018-09-14 00:35:00.586,UTC-0300,1.136602,2018-09-14 00:13:09.000,1.8333334,1001,2018-09-13 23:54:36.000,70.91,2018-09-13,23:54:36,2018-09-14,0 days 00:18:33.556000000,18.559266666666666,23,0,Walking,18
566,2556.107,2129360,2018-09-15 15:37:50.360,2018-09-15 15:37:50.360,UTC-0300,1.3021953000000002,2018-09-15 15:36:51.124,1.8391691000000003,1001,2018-09-15 15:01:21.764,147.52,2018-09-15,15:01:21.764000,2018-09-15,0 days 00:35:29.360000000,35.489333333333335,15,15,Walking,35
832,1205.02,961208,2018-09-19 00:25:41.717,2018-09-19 00:25:41.717,UTC-0300,1.2536516000000002,2018-09-18 22:18:01.000,1.9166666,1001,2018-09-18 22:02:00.000,85.38,2018-09-18,22:02:00,2018-09-18,0 days 00:16:01.208000000,16.020133333333334,22,22,Walking,16
782,1212.027,1034878,2018-09-18 22:20:05.435,2018-09-18 22:20:05.435,UTC-0300,1.4317043,2018-09-18 22:19:05.310,1.6666666,1001,2018-09-18 22:01:50.432,79.2,2018-09-18,22:01:50.432000,2018-09-18,0 days 00:17:14.878000000,17.24796666666667,22,22,Walking,17
596,1274.68,1000113,2018-09-28 22:06:24.337,2018-09-28 22:06:24.337,UTC-0300,1.4653059,2018-09-28 22:05:23.445,1.6666666,1001,2018-09-28 21:48:43.332,81.2,2018-09-28,21:48:43.332000,2018-09-28,0 days 00:16:40.113000000,16.66855,21,22,Walking,16
761,1237.94,942762,2018-09-28 22:55:47.000,2018-09-28 22:55:47.000,UTC-0300,1.3130993,2018-09-28 22:04:15.000,1.9444444,1001,2018-09-28 21:48:33.000,91.840004,2018-09-28,21:48:33,2018-09-28,0 days 00:15:42.762000000,15.712700000000002,21,22,Walking,15
902,976.609,902617,2018-09-28 12:34:35.364,2018-09-28 12:34:35.364,UTC-0300,1.5225722,2018-09-28 12:33:34.095,2.0833333,1001,2018-09-28 12:18:31.478,54.8,2018-09-28,12:18:31.478000,2018-09-28,0 days 00:15:02.617000000,15.043616666666669,12,12,Walking,15
726,1169.58,922247,2018-09-29 21:47:56.369,2018-09-29 21:47:56.369,UTC-0300,1.4603953,2018-09-29 21:46:55.902,1.8055556,1001,2018-09-29 21:31:33.655,67.95,2018-09-29,21:31:33.655000,2018-09-29,0 days 00:15:22.247000000,15.370783333333334,21,21,Walking,15
571,2470.121,2089885,2018-09-30 17:49:41.429,2018-09-30 17:49:41.429,UTC-0300,1.3120763,2018-09-30 17:48:40.855,1.5833334,1001,2018-09-30 17:13:50.970,145.31,2018-09-30,17:13:50.970000,2018-09-30,0 days 00:34:49.885000000,34.83141666666667,17,17,Walking,34
797,1111.31,1048650,2018-09-30 19:37:34.398,2018-09-30 19:37:34.398,UTC-0300,1.2064801,2018-09-30 19:36:33.555,1.3333334,1001,2018-09-30 19:19:04.905,64.74,2018-09-30,19:19:04.905000,2018-09-30,0 days 00:17:28.650000000,17.477500000000003,19,19,Walking,17
674,2924.75,2170072,2018-09-30 17:55:01.168,2018-09-30 17:55:01.168,UTC-0300,1.3477663999999998,2018-09-30 17:50:10.000,2.2222223,1001,2018-09-30 17:14:00.000,157.54,2018-09-30,17:14:00,2018-09-30,0 days 00:36:10.072000000,36.16786666666667,17,17,Walking,36
621,1047.821,1014890,2018-09-30 19:18:59.368,2018-09-30 19:18:59.368,UTC-0300,1.1128393,2018-09-30 19:17:59.027,1.25,1001,2018-09-30 19:01:04.137,63.16,2018-09-30,19:01:04.137000,2018-09-30,0 days 00:16:54.890000000,16.914833333333334,19,19,Walking,16
769,1080.452,1048322,2018-10-04 01:12:24.380,2018-10-04 01:12:24.380,UTC-0300,1.3110190000000002,2018-10-04 01:11:23.048,1.6111112,1001,2018-10-04 00:53:54.726,65.38,2018-10-04,00:53:54.726000,2018-10-04,0 days 00:17:28.322000000,17.472033333333336,0,1,Walking,17
928,1537.16,1164480,2018-10-04 01:22:27.028,2018-10-04 01:22:27.028,UTC-0300,1.3200399,2018-10-04 01:13:24.000,4.5833335,1001,2018-10-04 00:54:00.000,85.35,2018-10-04,00:54:00,2018-10-04,0 days 00:19:24.480000000,19.408,0,1,Walking,19
976,1025.925,917932,2018-10-05 23:16:45.349,2018-10-05 23:16:45.349,UTC-0300,1.4916875,2018-10-05 23:15:44.692,1.6312966,1001,2018-10-05 23:00:26.760,59.72,2018-10-05,23:00:26.760000,2018-10-05,0 days 00:15:17.932000000,15.298866666666667,23,23,Walking,15
826,1953.82,1453286,2018-10-09 21:35:01.050,2018-10-09 21:35:01.050,UTC-0300,1.3444153,2018-10-09 21:16:13.000,3.8333333,1001,2018-10-09 20:52:00.000,117.93,2018-10-09,20:52:00,2018-10-09,0 days 00:24:13.286000000,24.221433333333334,20,21,Walking,24
909,1415.58,1303929,2018-10-11 21:52:16.467,2018-10-11 21:52:16.467,UTC-0300,1.2004831,2018-10-11 21:51:14.377,1.3888888,1001,2018-10-11 21:29:30.448,84.91,2018-10-11,21:29:30.448000,2018-10-11,0 days 00:21:43.929000000,21.73215,21,21,Walking,21
646,1329.939,1288061,2018-10-11 22:37:31.348,2018-10-11 22:37:31.348,UTC-0300,1.2637318000000002,2018-10-11 22:36:29.618,1.6388888,1001,2018-10-11 22:15:01.557,76.88,2018-10-11,22:15:01.557000,2018-10-11,0 days 00:21:28.061000000,21.467683333333337,22,22,Walking,21
743,1095.55,930302,2018-10-22 22:42:54.413,2018-10-22 22:42:54.413,UTC-0300,1.5849553,2018-10-22 22:41:54.209,1.6944444,1001,2018-10-22 22:26:23.907,65.35,2018-10-22,22:26:23.907000,2018-10-22,0 days 00:15:30.302000000,15.505033333333333,22,22,Walking,15
994,890.74,1130335,2018-10-30 22:50:43.411,2018-10-30 22:50:43.411,UTC-0300,1.5501673,2018-10-30 22:49:43.124,1.7777778000000002,1001,2018-10-30 22:30:52.789,89.36,2018-10-30,22:30:52.789000,2018-10-30,0 days 00:18:50.335000000,18.838916666666666,22,22,Walking,18
648,1154.64,915147,2018-10-30 23:25:55.413,2018-10-30 23:25:55.413,UTC-0300,1.261699,2018-10-30 22:46:15.000,1.5833334,1001,2018-10-30 22:31:00.000,85.85,2018-10-30,22:31:00,2018-10-30,0 days 00:15:15.147000000,15.252450000000001,22,22,Walking,15
518,1186.47,993109,2018-11-01 11:09:23.635,2018-11-01 11:09:23.635,UTC-0300,1.1947027,2018-10-31 22:47:03.000,1.7222221999999998,1001,2018-10-31 22:30:30.000,61.37,2018-10-31,22:30:30,2018-10-31,0 days 00:16:33.109000000,16.551816666666667,22,22,Walking,16
559,1434.24,1097110,2018-11-12 22:55:01.986,2018-11-12 22:55:01.986,UTC-0400,1.3072892,2018-11-12 22:47:36.000,2.1111112000000003,1001,2018-11-12 22:29:19.000,91.94,2018-11-12,22:29:19,2018-11-12,0 days 00:18:17.110000000,18.28516666666667,22,22,Walking,18
626,1174.468,985926,2018-11-12 22:45:48.485,2018-11-12 22:45:48.485,UTC-0400,1.5173674,2018-11-12 22:44:48.214,2.0,1001,2018-11-12 22:28:22.288,76.93,2018-11-12,22:28:22.288000,2018-11-12,0 days 00:16:25.926000000,16.432100000000002,22,22,Walking,16
524,1309.37,904300,2018-11-15 21:55:02.447,2018-11-15 21:55:02.447,UTC-0400,1.4479376,2018-11-15 21:46:29.000,1.9722222,1001,2018-11-15 21:31:25.000,89.3,2018-11-15,21:31:25,2018-11-15,0 days 00:15:04.300000000,15.071666666666667,21,21,Walking,15
696,1346.616,994166,2018-11-15 21:47:54.359,2018-11-15 21:47:54.359,UTC-0400,1.5815213,2018-11-15 21:46:53.895,1.75,1001,2018-11-15 21:30:19.729,85.6,2018-11-15,21:30:19.729000,2018-11-15,0 days 00:16:34.166000000,16.569433333333333,21,21,Walking,16
585,1038.682,936364,2018-11-19 22:48:14.402,2018-11-19 22:48:14.402,UTC-0400,1.5708691,2018-11-19 22:47:13.886,1.8611112,1001,2018-11-19 22:31:37.522,74.43,2018-11-19,22:31:37.522000,2018-11-19,0 days 00:15:36.364000000,15.606066666666667,22,22,Walking,15
595,1127.26,953557,2018-11-23 23:55:00.316,2018-11-23 23:55:00.316,UTC-0400,1.1821632,2018-11-23 23:38:03.000,3.2222223,1001,2018-11-23 23:22:10.000,66.35,2018-11-23,23:22:10,2018-11-23,0 days 00:15:53.557000000,15.892616666666667,23,23,Walking,15
946,1304.73,1058495,2018-11-27 23:53:52.393,2018-11-27 23:53:52.393,UTC-0400,1.577865,2018-11-27 23:52:51.608,1.8055556,1001,2018-11-27 23:35:13.113,85.81,2018-11-27,23:35:13.113000,2018-11-27,0 days 00:17:38.495000000,17.641583333333337,23,23,Walking,17
799,1282.58,962762,2018-11-27 23:52:42.634,2018-11-27 23:52:42.634,UTC-0400,1.332188,2018-11-27 23:51:12.000,1.9162085,1001,2018-11-27 23:35:10.000,85.15,2018-11-27,23:35:10,2018-11-27,0 days 00:16:02.762000000,16.046033333333334,23,23,Walking,16
555,1195.17,915044,2018-12-15 00:43:01.373,2018-12-15 00:43:01.373,UTC-0400,1.3061339,2018-12-14 23:17:16.000,1.8611112,1001,2018-12-14 23:02:01.000,81.73,2018-12-14,23:02:01,2018-12-14,0 days 00:15:15.044000000,15.250733333333335,23,23,Walking,15
513,1210.28,1034980,2018-12-14 23:20:07.369,2018-12-14 23:20:07.369,UTC-0400,1.5059979,2018-12-14 23:19:06.437,1.7222221999999998,1001,2018-12-14 23:01:51.457,81.44,2018-12-14,23:01:51.457000,2018-12-14,0 days 00:17:14.980000000,17.249666666666666,23,23,Walking,17
807,1387.88,1212237,2018-12-18 23:55:03.229,2018-12-18 23:55:03.229,UTC-0400,1.559613,2018-12-18 23:54:02.721,2.0277777,1001,2018-12-18 23:33:50.484,94.94,2018-12-18,23:33:50.484000,2018-12-18,0 days 00:20:12.237000000,20.203950000000003,23,23,Walking,20
919,1194.98,925630,2018-12-19 00:30:00.849,2018-12-19 00:30:00.849,UTC-0400,1.2909911,2018-12-18 23:49:25.000,1.8611112,1001,2018-12-18 23:34:00.000,86.38,2018-12-18,23:34:00,2018-12-18,0 days 00:15:25.630000000,15.427166666666668,23,23,Walking,15
649,1248.442,1203355,2018-12-20 23:52:42.356,2018-12-20 23:52:42.356,UTC-0400,1.5068756,2018-12-20 23:51:41.905,1.6666666,1001,2018-12-20 23:31:38.550,92.57,2018-12-20,23:31:38.550000,2018-12-20,0 days 00:20:03.355000000,20.05591666666667,23,23,Walking,20
773,1395.86,1341772,2019-01-24 20:22:17.429,2019-01-24 20:22:17.429,UTC-0400,1.1935216,2019-01-24 20:21:15.945,1.5277778,1001,2019-01-24 19:58:54.173,82.9,2019-01-24,19:58:54.173000,2019-01-24,0 days 00:22:21.772000000,22.36286666666667,19,20,Walking,22
599,1104.05,1080026,2019-01-24 23:22:52.399,2019-01-24 23:22:52.399,UTC-0400,1.4002844,2019-01-24 23:21:50.904,1.7777778000000002,1001,2019-01-24 23:03:50.878,78.33,2019-01-24,23:03:50.878000,2019-01-24,0 days 00:18:00.026000000,18.000433333333334,23,23,Walking,18
602,1095.15,914946,2019-01-24 23:56:39.064,2019-01-24 23:56:39.064,UTC-0400,1.1969558,2019-01-24 23:19:14.000,1.5277778,1001,2019-01-24 23:04:00.000,81.69,2019-01-24,23:04:00,2019-01-24,0 days 00:15:14.946000000,15.2491,23,23,Walking,15
820,2041.56,2178277,2019-01-27 16:35:50.280,2019-01-27 16:35:50.280,UTC-0400,1.2331376,2019-01-27 16:34:49.703,1.5833334,1001,2019-01-27 15:58:31.426,124.39,2019-01-27,15:58:31.426000,2019-01-27,0 days 00:36:18.277000000,36.30461666666667,15,16,Walking,36
827,1616.95,1429735,2019-01-27 17:08:39.597,2019-01-27 17:08:39.597,UTC-0400,1.3232553,2019-01-27 17:07:38.493,1.6111112,1001,2019-01-27 16:43:48.758,91.78,2019-01-27,16:43:48.758000,2019-01-27,0 days 00:23:49.735000000,23.828916666666668,16,17,Walking,23
572,1027.249,1001971,2019-02-12 00:20:38.440,2019-02-12 00:20:38.440,UTC-0400,1.4384396000000002,2019-02-12 00:19:36.716,1.7222221999999998,1001,2019-02-12 00:02:54.745,64.15,2019-02-12,00:02:54.745000,2019-02-12,0 days 00:16:41.971000000,16.699516666666668,0,0,Walking,16
942,1163.96,912880,2019-03-13 10:48:38.117,2019-03-13 10:48:38.117,UTC-0300,1.2750416,2019-03-13 01:09:18.000,1.8888888,1001,2019-03-13 00:54:06.000,67.1,2019-03-13,00:54:06,2019-03-13,0 days 00:15:12.880000000,15.214666666666668,0,1,Walking,15
784,1125.47,957960,2019-03-19 12:30:47.463,2019-03-19 12:30:47.463,UTC-0300,1.4228843,2019-03-19 12:29:45.893,1.5833334,1001,2019-03-19 12:13:47.933,83.67,2019-03-19,12:13:47.933000,2019-03-19,0 days 00:15:57.960000000,15.966000000000001,12,12,Walking,15
732,1142.78,914407,2019-03-21 22:47:40.839,2019-03-21 22:47:40.839,UTC-0300,1.2497498,2019-03-21 22:46:14.000,1.8055556,1001,2019-03-21 22:31:00.000,81.56,2019-03-21,22:31:00,2019-03-21,0 days 00:15:14.407000000,15.240116666666667,22,22,Walking,15
723,1082.4260000000004,943822,2019-03-22 22:03:19.443,2019-03-22 22:03:19.443,UTC-0300,1.4280645,2019-03-22 22:02:19.454,1.6944444,1001,2019-03-22 21:46:35.632,63.97,2019-03-22,21:46:35.632000,2019-03-22,0 days 00:15:43.822000000,15.730366666666667,21,22,Walking,15
660,1281.37,1040902,2019-03-28 14:12:53.324,2019-03-28 14:12:53.324,UTC-0300,1.4234558000000002,2019-03-28 14:11:52.627,1.7222221999999998,1001,2019-03-28 13:54:31.725,72.12,2019-03-28,13:54:31.725000,2019-03-28,0 days 00:17:20.902000000,17.348366666666667,13,14,Walking,17
800,1248.85,963353,2019-03-29 01:27:23.094,2019-03-29 01:27:23.094,UTC-0300,1.2963575,2019-03-29 00:55:03.000,3.1666667,1001,2019-03-29 00:39:00.000,67.99,2019-03-29,00:39:00,2019-03-29,0 days 00:16:03.353000000,16.055883333333334,0,0,Walking,16
553,1133.289,1076392,2019-03-29 00:55:47.188,2019-03-29 00:55:47.188,UTC-0300,1.2120445,2019-03-29 00:54:47.304,1.4444444,1001,2019-03-29 00:36:50.912,67.67,2019-03-29,00:36:50.912000,2019-03-29,0 days 00:17:56.392000000,17.939866666666667,0,0,Walking,17
862,1122.54,910540,2019-03-30 01:11:22.389,2019-03-30 01:11:22.389,UTC-0300,1.2328287,2019-03-30 01:10:10.000,2.6388888,1001,2019-03-30 00:55:00.000,65.77,2019-03-30,00:55:00,2019-03-30,0 days 00:15:10.540000000,15.175666666666668,0,1,Walking,15
715,1007.67,1010245,2019-04-03 12:49:47.642,2019-03-30 01:13:06.470,UTC-0300,1.4052806,2019-03-30 01:12:05.968,1.6388888,1001,2019-03-30 00:55:15.723,68.04,2019-03-30,00:55:15.723000,2019-03-30,0 days 00:16:50.245000000,16.83741666666667,0,1,Walking,16
900,1015.499,983301,2019-04-02 01:12:20.300,2019-04-02 01:12:20.300,UTC-0300,1.469692,2019-04-02 01:11:19.251,1.8273067,1001,2019-04-02 00:54:55.950,59.81,2019-04-02,00:54:55.950000,2019-04-02,0 days 00:16:23.301000000,16.38835,0,1,Walking,16
525,1320.89,1132665,2019-04-04 12:44:13.127,2019-04-04 12:44:13.127,UTC-0300,1.166179,2019-04-04 12:34:07.000,1.7777778000000002,1001,2019-04-04 12:15:15.000,90.479996,2019-04-04,12:15:15,2019-04-04,0 days 00:18:52.665000000,18.87775,12,12,Walking,18
851,1106.829,1186493,2019-04-04 12:36:08.341,2019-04-04 12:36:08.341,UTC-0300,1.1618224,2019-04-04 12:35:07.529,1.3966496000000002,1001,2019-04-04 12:15:21.036,80.21,2019-04-04,12:15:21.036000,2019-04-04,0 days 00:19:46.493000000,19.774883333333335,12,12,Walking,19
601,1621.9,1788794,2019-04-07 19:27:59.526,2019-04-07 19:27:59.526,UTC-0300,1.0717536,2019-04-07 19:26:58.820,1.3611112,1001,2019-04-07 18:57:10.026,98.85,2019-04-07,18:57:10.026000,2019-04-07,0 days 00:29:48.794000000,29.813233333333336,18,19,Walking,29
700,1211.917,1175707,2019-04-07 21:58:19.425,2019-04-07 15:43:12.436,UTC-0300,1.0775706,2019-04-07 15:42:10.848,1.3072675,1001,2019-04-07 15:22:35.141,72.52,2019-04-07,15:22:35.141000,2019-04-07,0 days 00:19:35.707000000,19.59511666666667,15,15,Walking,19
514,1116.37,937479,2019-04-08 12:28:31.124,2019-04-08 12:28:31.124,UTC-0300,1.1908214,2019-04-08 12:25:37.000,2.8333333,1001,2019-04-08 12:10:00.000,59.78,2019-04-08,12:10:00,2019-04-08,0 days 00:15:37.479000000,15.62465,12,12,Walking,15
663,1022.37,1098139,2019-04-08 12:23:09.428,2019-04-08 12:23:09.428,UTC-0300,1.0747192,2019-04-08 12:22:08.004,1.3888888,1001,2019-04-08 12:03:49.865,63.44,2019-04-08,12:03:49.865000,2019-04-08,0 days 00:18:18.139000000,18.30231666666667,12,12,Walking,18
1036,765.319,938426,2019-04-08 17:47:53.288,2019-04-08 17:47:53.288,UTC-0300,1.1242187,2019-04-08 17:46:52.609,1.7777778000000002,1001,2019-04-08 17:31:14.183,46.29,2019-04-08,17:31:14.183000,2019-04-08,0 days 00:15:38.426000000,15.640433333333334,17,17,Walking,15
1000,2013.65,1760312,2019-04-15 01:35:03.018,2019-04-15 01:35:03.018,UTC-0600,1.1439166,2019-04-15 01:32:20.000,1.8888888,1001,2019-04-15 01:03:00.000,108.53,2019-04-15,01:03:00,2019-04-15,0 days 00:29:20.312000000,29.338533333333334,1,1,Walking,29
1002,1402.77,1452531,2019-04-15 01:21:45.454,2019-04-15 01:21:45.454,UTC-0600,1.1300992,2019-04-15 01:20:44.984,1.3055556,1001,2019-04-15 00:56:32.453,85.6,2019-04-15,00:56:32.453000,2019-04-15,0 days 00:24:12.531000000,24.20885,0,1,Walking,24
1055,1404.68,1206115,2019-04-16 22:32:12.661,2019-04-16 22:32:12.661,UTC-0600,1.1646318000000002,2019-04-16 22:31:06.000,4.1666665,1001,2019-04-16 22:11:00.000,80.76,2019-04-16,22:11:00,2019-04-16,0 days 00:20:06.115000000,20.101916666666668,22,22,Walking,20
1050,1187.37,1214258,2019-04-16 22:30:07.557,2019-04-16 22:30:07.557,UTC-0600,1.2032828000000002,2019-04-16 22:29:05.928,1.5,1001,2019-04-16 22:08:51.670,70.11,2019-04-16,22:08:51.670000,2019-04-16,0 days 00:20:14.258000000,20.237633333333335,22,22,Walking,20
1029,1183.83,1272809,2019-04-16 21:46:44.469,2019-04-16 21:46:44.469,UTC-0600,1.1003017,2019-04-16 21:45:43.113,1.5833334,1001,2019-04-16 21:24:30.304,77.84,2019-04-16,21:24:30.304000,2019-04-16,0 days 00:21:12.809000000,21.213483333333333,21,21,Walking,21
1043,1134.26,934980,2019-04-17 02:44:18.271,2019-04-17 02:44:18.271,UTC-0600,1.2131383,2019-04-17 02:36:42.000,1.4722222,1001,2019-04-17 02:21:08.000,62.73,2019-04-17,02:21:08,2019-04-17,0 days 00:15:34.980000000,15.583,2,2,Walking,15
1039,1190.397,1165119,2019-04-17 02:37:49.316,2019-04-17 02:37:49.316,UTC-0600,1.2976468,2019-04-17 02:36:48.465,1.7222221999999998,1001,2019-04-17 02:17:23.346,70.29,2019-04-17,02:17:23.346000,2019-04-17,0 days 00:19:25.119000000,19.418650000000003,2,2,Walking,19
1007,1905.829,1877249,2019-04-18 02:07:52.342,2019-04-18 02:07:52.342,UTC-0600,1.2219069,2019-04-18 02:06:52.003,1.587915,1001,2019-04-18 01:35:34.754,121.77,2019-04-18,01:35:34.754000,2019-04-18,0 days 00:31:17.249000000,31.287483333333334,1,2,Walking,31
1048,2168.7,1691264,2019-04-18 03:36:56.489,2019-04-18 03:36:56.489,UTC-0600,1.2822953,2019-04-18 03:29:35.000,1.4722222,1001,2019-04-18 03:01:24.000,119.59,2019-04-18,03:01:24,2019-04-18,0 days 00:28:11.264000000,28.187733333333334,3,3,Walking,28
1012,2015.32,1803124,2019-04-18 03:32:38.409,2019-04-18 03:32:38.409,UTC-0600,1.2563083000000002,2019-04-18 03:31:37.976,1.5555556,1001,2019-04-18 03:01:34.852,120.83,2019-04-18,03:01:34.852000,2019-04-18,0 days 00:30:03.124000000,30.05206666666667,3,3,Walking,30
1035,2130.8801,1765082,2019-04-18 02:16:15.246,2019-04-18 02:16:15.246,UTC-0600,1.2072413,2019-04-18 02:06:29.000,2.7777777,1001,2019-04-18 01:37:04.000,122.64,2019-04-18,01:37:04,2019-04-18,0 days 00:29:25.082000000,29.418033333333334,1,2,Walking,29
1013,1023.92,1297338,2019-04-20 21:43:21.609,2019-04-20 21:43:21.609,UTC-0600,1.0655317,2019-04-20 21:42:21.052,1.25,1001,2019-04-20 21:20:43.714,77.99,2019-04-20,21:20:43.714000,2019-04-20,0 days 00:21:37.338000000,21.622300000000003,21,21,Walking,21
1030,1331.661,1355106,2019-04-27 00:58:54.348,2019-04-27 00:58:54.348,UTC-0600,1.0914367,2019-04-27 00:57:53.627,1.5555556,1001,2019-04-27 00:35:18.521,86.9,2019-04-27,00:35:18.521000,2019-04-27,0 days 00:22:35.106000000,22.5851,0,0,Walking,22
1047,2264.289,1622717,2019-04-27 21:05:21.326,2019-04-27 21:05:21.326,UTC-0600,1.4785174,2019-04-27 21:04:21.522,2.1388888,1001,2019-04-27 20:37:18.805,147.05,2019-04-27,20:37:18.805000,2019-04-27,0 days 00:27:02.717000000,27.045283333333334,20,21,Walking,27
1004,1844.651,1531071,2019-04-27 01:26:17.427,2019-04-27 01:26:17.427,UTC-0600,1.3824098,2019-04-27 01:25:17.432,1.6388888,1001,2019-04-27 00:59:46.361,105.05,2019-04-27,00:59:46.361000,2019-04-27,0 days 00:25:31.071000000,25.517850000000003,0,1,Walking,25
1052,2482.71,1704202,2019-04-27 21:08:09.212,2019-04-27 21:08:09.212,UTC-0600,1.4568167,2019-04-27 21:05:40.000,2.8333333,1001,2019-04-27 20:37:16.000,155.3,2019-04-27,20:37:16,2019-04-27,0 days 00:28:24.202000000,28.403366666666667,20,21,Walking,28
1031,1819.39,1509557,2019-04-27 01:26:12.885,2019-04-27 01:26:12.885,UTC-0600,1.2052476,2019-04-27 01:25:09.000,2.2777777,1001,2019-04-27 01:00:00.000,100.52,2019-04-27,01:00:00,2019-04-27,0 days 00:25:09.557000000,25.159283333333335,1,1,Walking,25
1057,1774.43,1727901,2019-04-29 22:34:32.558,2019-04-29 22:34:32.558,UTC-0300,1.5901675,2019-04-29 22:33:31.553,2.0,1001,2019-04-29 22:04:43.652,120.42,2019-04-29,22:04:43.652000,2019-04-29,0 days 00:28:47.901000000,28.798350000000003,22,22,Walking,28
1049,1248.76,945240,2019-04-29 22:29:55.903,2019-04-29 22:29:55.903,UTC-0300,1.3211037,2019-04-29 22:21:12.000,1.8333334,1001,2019-04-29 22:05:27.000,84.65,2019-04-29,22:05:27,2019-04-29,0 days 00:15:45.240000000,15.754,22,22,Walking,15
1025,1217.39,969852,2019-05-08 23:49:03.775,2019-05-08 23:49:03.775,UTC-0300,1.2552327,2019-05-08 21:39:33.000,1.6944444,1001,2019-05-08 21:23:24.000,54.239998,2019-05-08,21:23:24,2019-05-08,0 days 00:16:09.852000000,16.1642,21,21,Walking,16
1008,1058.95,903078,2019-05-09 01:42:51.315,2019-05-09 01:42:51.315,UTC-0300,1.1726008999999995,2019-05-09 01:38:11.000,2.9444444,1001,2019-05-09 01:23:08.000,46.94,2019-05-09,01:23:08,2019-05-09,0 days 00:15:03.078000000,15.051300000000001,1,1,Walking,15
1064,1190.21,1098514,2019-05-12 14:25:52.976,2019-05-10 22:31:50.668,UTC-0300,1.3411211,2019-05-10 22:27:59.977,1.6666666,1001,2019-05-10 22:09:41.463,81.09,2019-05-10,22:09:41.463000,2019-05-10,0 days 00:18:18.514000000,18.308566666666668,22,22,Walking,18
1063,1264.27,1075053,2019-05-11 00:00:22.329,2019-05-11 00:00:22.329,UTC-0300,1.1760073,2019-05-10 22:27:15.000,1.7777778000000002,1001,2019-05-10 22:09:20.000,93.76,2019-05-10,22:09:20,2019-05-10,0 days 00:17:55.053000000,17.917550000000002,22,22,Walking,17
